split,case_id,case_hash,K,candidate_id,receiver_scope,official_variant,valid,n_tasks,total_p95,ip_increment_nrmse_p95,fail_rate,qualifies_point,spectral_error,spectral_error_s0,spectral_error_s1,condition_number,relative_dc_error,optimizer_success
train,TR02,997f8e3f59b42100a7eb274535485081ccfdad4306dbddf605d35c0fc5e8f886,4,K04_cc_span4.0_shift+0.0_dens1.00,point,S1,True,6,0.022825132843679066,0.046958094702382075,1.0,False,0.009273297651479872,0.008084997869388261,0.009273297651479872,6.812836618484904,0.0,True
train,TR02,997f8e3f59b42100a7eb274535485081ccfdad4306dbddf605d35c0fc5e8f886,4,K04_cc_span4.0_shift+0.0_dens1.25,point,S1,True,6,0.010952957684996208,0.02985604872805134,0.5,False,0.00783263208493498,0.007559081371293827,0.00783263208493498,7.475382400203668,0.0,True
train,TR02,997f8e3f59b42100a7eb274535485081ccfdad4306dbddf605d35c0fc5e8f886,4,K04_cc_span4.0_shift+0.5_dens1.00,point,S1,True,6,0.01900502920840809,0.03361312540015546,1.0,False,0.012130787105731107,0.00993508511448854,0.012130787105731107,6.32947062458114,0.0,True
train,TR02,997f8e3f59b42100a7eb274535485081ccfdad4306dbddf605d35c0fc5e8f886,4,K04_cc_span4.0_shift+0.5_dens1.25,point,S1,True,6,0.02306022790740969,0.054357933939289685,1.0,False,0.014040308336217801,0.01112062973629008,0.014040308336217801,6.933027078671753,0.0,True
train,TR02,997f8e3f59b42100a7eb274535485081ccfdad4306dbddf605d35c0fc5e8f886,4,K04_cc_span4.0_shift-0.5_dens1.00,point,S1,True,6,0.02636029636166277,0.04444413273623504,1.0,False,0.008985343806453664,0.009214537843471577,0.008985343806453664,7.588545183594632,0.0,True
train,TR02,997f8e3f59b42100a7eb274535485081ccfdad4306dbddf605d35c0fc5e8f886,4,K04_cc_span4.0_shift-0.5_dens1.25,point,S1,True,6,0.013462549360216649,0.031282713443524034,1.0,False,0.006305777490608642,0.008511070204069666,0.006305777490608642,8.208960970346785,0.0,True
train,TR02,997f8e3f59b42100a7eb274535485081ccfdad4306dbddf605d35c0fc5e8f886,4,K04_cc_span6.0_shift+0.0_dens1.00,point,S1,True,6,0.0584471738833969,0.1534817242742561,1.0,False,0.024854583038862094,0.020834365876351138,0.024854583038862094,5.457385398173446,0.0,True
train,TR02,997f8e3f59b42100a7eb274535485081ccfdad4306dbddf605d35c0fc5e8f886,4,K04_cc_span6.0_shift+0.0_dens1.25,point,S1,True,6,0.030031403880905035,0.06708111011469045,1.0,False,0.014437471120814527,0.012253165481726096,0.014437471120814527,5.581450444658653,0.0,True
train,TR02,997f8e3f59b42100a7eb274535485081ccfdad4306dbddf605d35c0fc5e8f886,4,K04_cc_span6.0_shift+0.5_dens1.00,point,S1,True,6,0.04657845888596782,0.11508018455362792,1.0,False,0.019234284156993353,0.017912063236400596,0.019234284156993353,5.666133899193412,0.0,True
train,TR02,997f8e3f59b42100a7eb274535485081ccfdad4306dbddf605d35c0fc5e8f886,4,K04_cc_span6.0_shift+0.5_dens1.25,point,S1,True,6,0.03693016590877103,0.07740153553908007,1.0,False,0.019544005595059765,0.015630666072076558,0.019544005595059765,5.617935461692344,0.0,True
train,TR02,997f8e3f59b42100a7eb274535485081ccfdad4306dbddf605d35c0fc5e8f886,4,K04_cc_span6.0_shift-0.5_dens1.00,point,S1,True,6,0.051734129492034084,0.1432390060315343,1.0,False,0.02695828518135761,0.021145582840900515,0.02695828518135761,7.058894193707531,0.0,True
train,TR02,997f8e3f59b42100a7eb274535485081ccfdad4306dbddf605d35c0fc5e8f886,4,K04_cc_span6.0_shift-0.5_dens1.25,point,S1,True,6,0.0372399463382793,0.06978807531234055,1.0,False,0.013435053455334786,0.013255140151087853,0.013435053455334786,6.585400972197801,0.0,True
train,TR02,997f8e3f59b42100a7eb274535485081ccfdad4306dbddf605d35c0fc5e8f886,4,K04_cc_span8.0_shift+0.0_dens1.00,point,S1,True,6,0.08288292229590431,0.2441642653754289,1.0,False,0.041765981874319694,0.036760826456726736,0.041765981874319694,10.089413262989549,0.0,True
train,TR02,997f8e3f59b42100a7eb274535485081ccfdad4306dbddf605d35c0fc5e8f886,4,K04_cc_span8.0_shift+0.0_dens1.25,point,S1,True,6,0.058941933228498916,0.15498557740293412,1.0,False,0.02559428198324048,0.021683787141393372,0.02559428198324048,10.035971074708746,0.0,True
train,TR02,997f8e3f59b42100a7eb274535485081ccfdad4306dbddf605d35c0fc5e8f886,4,K04_cc_span8.0_shift+0.5_dens1.00,point,S1,True,6,0.06584832402315793,0.22124373511242412,1.0,False,0.029722461216881504,0.030772145169774598,0.029722461216881504,25.98148776346709,0.0,True
train,TR02,997f8e3f59b42100a7eb274535485081ccfdad4306dbddf605d35c0fc5e8f886,4,K04_cc_span8.0_shift+0.5_dens1.25,point,S1,True,6,0.04718439072501786,0.11862182387714212,1.0,False,0.021214528715460805,0.019341676284610886,0.021214528715460805,25.846280534593514,0.0,True
train,TR02,997f8e3f59b42100a7eb274535485081ccfdad4306dbddf605d35c0fc5e8f886,4,K04_cc_span8.0_shift-0.5_dens1.00,point,S1,True,6,0.06976806123587333,0.2607017684158542,1.0,False,0.045787204506847194,0.03659540551099851,0.045787204506847194,8.924449809549827,0.0,True
train,TR02,997f8e3f59b42100a7eb274535485081ccfdad4306dbddf605d35c0fc5e8f886,4,K04_cc_span8.0_shift-0.5_dens1.25,point,S1,True,6,0.05231053111262042,0.13927158674602827,1.0,False,0.02768565324529629,0.022719740970694614,0.02768565324529629,6.913424312249966,0.0,True
train,TR02,997f8e3f59b42100a7eb274535485081ccfdad4306dbddf605d35c0fc5e8f886,4,K04_tw_span4.0_shift+0.0_dens1.00,point,S1,True,6,0.01842770962692561,0.038340835600625275,1.0,False,0.008386591697213678,0.010554024963003299,0.008386591697213678,8.559612101985275,0.0,True
train,TR02,997f8e3f59b42100a7eb274535485081ccfdad4306dbddf605d35c0fc5e8f886,4,K04_tw_span4.0_shift+0.0_dens1.25,point,S1,True,6,0.02273775721228314,0.049338499038852,1.0,False,0.008183923737456708,0.010776236943357128,0.008183923737456708,8.942127361625193,0.0,True
train,TR02,997f8e3f59b42100a7eb274535485081ccfdad4306dbddf605d35c0fc5e8f886,4,K04_tw_span4.0_shift+0.5_dens1.00,point,S1,True,6,0.025170262104081874,0.04721284237486876,1.0,False,0.009273383851848059,0.008623688725448294,0.009273383851848059,7.198653105655832,0.0,True
train,TR02,997f8e3f59b42100a7eb274535485081ccfdad4306dbddf605d35c0fc5e8f886,4,K04_tw_span4.0_shift+0.5_dens1.25,point,S1,True,6,0.01100646895183288,0.02268100959194471,0.5,False,0.006137250431289573,0.0075994128277033285,0.006137250431289573,7.8634429155000465,0.0,True
train,TR02,997f8e3f59b42100a7eb274535485081ccfdad4306dbddf605d35c0fc5e8f886,4,K04_tw_span4.0_shift-0.5_dens1.00,point,S1,True,6,0.019117914340469635,0.040355452073579476,1.0,False,0.011248383169521512,0.01550459910162563,0.011248383169521512,13.372484146465258,0.0,True
train,TR02,997f8e3f59b42100a7eb274535485081ccfdad4306dbddf605d35c0fc5e8f886,4,K04_tw_span4.0_shift-0.5_dens1.25,point,S1,True,6,0.02794018053315714,0.054984706015472326,1.0,False,0.013602712041775626,0.016503020349981197,0.013602712041775626,12.108900433499116,0.0,True
train,TR02,997f8e3f59b42100a7eb274535485081ccfdad4306dbddf605d35c0fc5e8f886,4,K04_tw_span6.0_shift+0.0_dens1.00,point,S1,True,6,0.05493220964727681,0.12188589219302409,1.0,False,0.024160922397475033,0.019562703093904354,0.024160922397475033,9.214112072607207,0.0,True
train,TR02,997f8e3f59b42100a7eb274535485081ccfdad4306dbddf605d35c0fc5e8f886,4,K04_tw_span6.0_shift+0.0_dens1.25,point,S1,True,6,0.04115255893315036,0.08754930792105506,1.0,False,0.013336758357987848,0.01512744734375159,0.013336758357987848,7.841869907453841,0.0,True
train,TR02,997f8e3f59b42100a7eb274535485081ccfdad4306dbddf605d35c0fc5e8f886,4,K04_tw_span6.0_shift+0.5_dens1.00,point,S1,True,6,0.05270388539061496,0.15317533231113814,1.0,False,0.0271224499023345,0.021538332141495274,0.0271224499023345,6.201983649683149,0.0,True
train,TR02,997f8e3f59b42100a7eb274535485081ccfdad4306dbddf605d35c0fc5e8f886,4,K04_tw_span6.0_shift+0.5_dens1.25,point,S1,True,6,0.03323546757722618,0.0649596170215509,1.0,False,0.013903692147357606,0.012528594800196937,0.013903692147357606,6.062778820059926,0.0,True
train,TR02,997f8e3f59b42100a7eb274535485081ccfdad4306dbddf605d35c0fc5e8f886,4,K04_tw_span6.0_shift-0.5_dens1.00,point,S1,True,6,0.04603982654382929,0.09482682256272898,1.0,False,0.018823235286312637,0.017690533234541426,0.018823235286312637,19.87596154089188,0.0,True
train,TR02,997f8e3f59b42100a7eb274535485081ccfdad4306dbddf605d35c0fc5e8f886,4,K04_tw_span6.0_shift-0.5_dens1.25,point,S1,True,6,0.05331293173054767,0.14725837785409823,1.0,False,0.019685534682251787,0.02072130501032462,0.019685534682251787,13.608638163295957,0.0,True
train,TR02,997f8e3f59b42100a7eb274535485081ccfdad4306dbddf605d35c0fc5e8f886,4,K04_tw_span8.0_shift+0.0_dens1.00,point,S1,True,6,0.07319913831672403,0.23176953692170704,1.0,False,0.04254156192140919,0.0332888618677585,0.04254156192140919,13.614535760722061,0.0,True
train,TR02,997f8e3f59b42100a7eb274535485081ccfdad4306dbddf605d35c0fc5e8f886,4,K04_tw_span8.0_shift+0.0_dens1.25,point,S1,True,6,0.058578758637810265,0.12950801202028583,1.0,False,0.024863581277824946,0.022365738904649508,0.024863581277824946,9.057230836723841,0.0,True
train,TR02,997f8e3f59b42100a7eb274535485081ccfdad4306dbddf605d35c0fc5e8f886,4,K04_tw_span8.0_shift+0.5_dens1.00,point,S1,True,6,0.08019262852041802,0.26007807499450575,1.0,False,0.04559392675269487,0.0375590618080026,0.04559392675269487,7.244931014798517,0.0,True
train,TR02,997f8e3f59b42100a7eb274535485081ccfdad4306dbddf605d35c0fc5e8f886,4,K04_tw_span8.0_shift+0.5_dens1.25,point,S1,True,6,0.053558163565997505,0.1525331255780713,1.0,False,0.027836562591835527,0.02267991475723279,0.027836562591835527,6.8907652273912765,0.0,True
train,TR02,997f8e3f59b42100a7eb274535485081ccfdad4306dbddf605d35c0fc5e8f886,4,K04_tw_span8.0_shift-0.5_dens1.00,point,S1,True,6,0.06905223218842937,0.14435391861533658,1.0,False,0.029680534924457557,0.02581713585932069,0.029680534924457557,37.52551216910083,0.0,True
train,TR02,997f8e3f59b42100a7eb274535485081ccfdad4306dbddf605d35c0fc5e8f886,4,K04_tw_span8.0_shift-0.5_dens1.25,point,S1,True,6,0.0634864060371535,0.1774310842032126,1.0,False,0.020464195081413273,0.025012098755638257,0.020464195081413273,19.696676415165616,0.0,True
train,TR02,997f8e3f59b42100a7eb274535485081ccfdad4306dbddf605d35c0fc5e8f886,6,K06_cc_span4.0_shift+0.0_dens1.00,point,S1,True,6,0.003612457042437989,0.011411824916470203,0.0,True,0.0039025429846288196,0.004743636050841954,0.0039025429846288196,18.241243538600873,0.0,True
train,TR02,997f8e3f59b42100a7eb274535485081ccfdad4306dbddf605d35c0fc5e8f886,6,K06_cc_span4.0_shift+0.0_dens1.25,point,S1,True,6,0.004083677975100852,0.010989058916998784,0.0,True,0.003756508793083845,0.004662021953665172,0.003756508793083845,23.759751024336126,0.0,True
train,TR02,997f8e3f59b42100a7eb274535485081ccfdad4306dbddf605d35c0fc5e8f886,6,K06_cc_span4.0_shift+0.5_dens1.00,point,S1,True,6,0.00801851870185642,0.03816610381793421,1.0,False,0.010969316469868859,0.008628492396417555,0.010969316469868859,16.869339128550244,0.0,True
train,TR02,997f8e3f59b42100a7eb274535485081ccfdad4306dbddf605d35c0fc5e8f886,6,K06_cc_span4.0_shift+0.5_dens1.25,point,S1,True,6,0.004936771364805693,0.036979092555565155,1.0,False,0.010633128824000327,0.008406741885936792,0.010633128824000327,22.019982395830098,0.0,True
train,TR02,997f8e3f59b42100a7eb274535485081ccfdad4306dbddf605d35c0fc5e8f886,6,K06_cc_span4.0_shift-0.5_dens1.00,point,S1,True,6,0.004694217792544997,0.009500512472160728,0.0,True,0.001736044073389057,0.006503948579282918,0.001736044073389057,20.66027399581625,0.0,True
train,TR02,997f8e3f59b42100a7eb274535485081ccfdad4306dbddf605d35c0fc5e8f886,6,K06_cc_span4.0_shift-0.5_dens1.25,point,S1,True,6,0.004745964546625273,0.008931287339126617,0.0,True,0.0019862520719502027,0.006443026072448931,0.0019862520719502027,25.918276603894487,0.0,True
train,TR02,997f8e3f59b42100a7eb274535485081ccfdad4306dbddf605d35c0fc5e8f886,6,K06_cc_span6.0_shift+0.0_dens1.00,point,S1,True,6,0.015921965692799037,0.030829999203740088,1.0,False,0.006338413582148374,0.005140785604290516,0.006338413582148374,12.376541525581839,0.0,True
train,TR02,997f8e3f59b42100a7eb274535485081ccfdad4306dbddf605d35c0fc5e8f886,6,K06_cc_span6.0_shift+0.0_dens1.25,point,S1,True,6,0.007620161952122929,0.02086539079333428,0.0,True,0.004894782103599811,0.0045621545958502855,0.004894782103599811,12.377717830494706,0.0,True
train,TR02,997f8e3f59b42100a7eb274535485081ccfdad4306dbddf605d35c0fc5e8f886,6,K06_cc_span6.0_shift+0.5_dens1.00,point,S1,True,6,0.013269199857080834,0.02721084700254587,1.0,False,0.006085763384227685,0.005005131724848195,0.006085763384227685,9.615911287163643,0.0,True
train,TR02,997f8e3f59b42100a7eb274535485081ccfdad4306dbddf605d35c0fc5e8f886,6,K06_cc_span6.0_shift+0.5_dens1.25,point,S1,True,6,0.018324814063464694,0.031691615310935124,1.0,False,0.006188434969766737,0.005155338216948255,0.006188434969766737,11.225427395274771,0.0,True
train,TR02,997f8e3f59b42100a7eb274535485081ccfdad4306dbddf605d35c0fc5e8f886,6,K06_cc_span6.0_shift-0.5_dens1.00,point,S1,True,6,0.01795229427559894,0.03030853649401659,1.0,False,0.006250222055465524,0.005394473955355239,0.006250222055465524,26.513534294237676,1.652594879119541e-16,True
train,TR02,997f8e3f59b42100a7eb274535485081ccfdad4306dbddf605d35c0fc5e8f886,6,K06_cc_span6.0_shift-0.5_dens1.25,point,S1,True,6,0.008981240490115342,0.020373506892464983,0.0,True,0.0046375270991261255,0.004704920129047539,0.0046375270991261255,18.499556650605467,0.0,True
train,TR02,997f8e3f59b42100a7eb274535485081ccfdad4306dbddf605d35c0fc5e8f886,6,K06_cc_span8.0_shift+0.0_dens1.00,point,S1,True,6,0.03707159408796848,0.08647351758549142,1.0,False,0.01481895892480956,0.012076972685846078,0.01481895892480956,26.963866251927275,0.0,True
train,TR02,997f8e3f59b42100a7eb274535485081ccfdad4306dbddf605d35c0fc5e8f886,6,K06_cc_span8.0_shift+0.0_dens1.25,point,S1,True,6,0.011157771569350832,0.031685231143067254,0.5,False,0.008450274657273313,0.007530502848894947,0.008450274657273313,15.936735712894286,0.0,True
train,TR02,997f8e3f59b42100a7eb274535485081ccfdad4306dbddf605d35c0fc5e8f886,6,K06_cc_span8.0_shift+0.5_dens1.00,point,S1,True,6,0.03439096559590327,0.05947877613920693,1.0,False,0.01288907561829447,0.011246515830236857,0.01288907561829447,33.87184657201162,0.0,True
train,TR02,997f8e3f59b42100a7eb274535485081ccfdad4306dbddf605d35c0fc5e8f886,6,K06_cc_span8.0_shift+0.5_dens1.25,point,S1,True,6,0.026976963430677882,0.06366247002183595,1.0,False,0.01309573582809351,0.01034790574069509,0.01309573582809351,32.59796603095277,0.0,True
train,TR02,997f8e3f59b42100a7eb274535485081ccfdad4306dbddf605d35c0fc5e8f886,6,K06_cc_span8.0_shift-0.5_dens1.00,point,S1,True,6,0.03444670001470711,0.0780782299063549,1.0,False,0.015439665481462585,0.0122415692871081,0.015439665481462585,88.12154785191406,1.652594879119541e-16,True
train,TR02,997f8e3f59b42100a7eb274535485081ccfdad4306dbddf605d35c0fc5e8f886,6,K06_cc_span8.0_shift-0.5_dens1.25,point,S1,True,6,0.01469508377230776,0.0337697162156278,1.0,False,0.0067575359749225666,0.007483439702059248,0.0067575359749225666,44.800884026896554,0.0,True
train,TR02,997f8e3f59b42100a7eb274535485081ccfdad4306dbddf605d35c0fc5e8f886,6,K06_tw_span4.0_shift+0.0_dens1.00,point,S1,True,6,0.006612282372539937,0.012980081764427769,0.0,True,0.0028645739544987487,0.008910116983278498,0.0028645739544987487,25.711743507974,0.0,True
train,TR02,997f8e3f59b42100a7eb274535485081ccfdad4306dbddf605d35c0fc5e8f886,6,K06_tw_span4.0_shift+0.0_dens1.25,point,S1,True,6,0.005217372240853302,0.011859238146195957,0.0,True,0.002751444164619113,0.008781995172466554,0.002751444164619113,28.44810136976876,0.0,True
train,TR02,997f8e3f59b42100a7eb274535485081ccfdad4306dbddf605d35c0fc5e8f886,6,K06_tw_span4.0_shift+0.5_dens1.00,point,S1,True,6,0.0044224452231296915,0.006929830253998348,0.0,True,0.0019274383676126706,0.0053200268409500425,0.0019274383676126706,19.34476185713299,0.0,True
train,TR02,997f8e3f59b42100a7eb274535485081ccfdad4306dbddf605d35c0fc5e8f886,6,K06_tw_span4.0_shift+0.5_dens1.25,point,S1,True,6,0.00435310105547209,0.008571541954233923,0.0,True,0.002099989589152049,0.005282584444668985,0.002099989589152049,24.90928883880954,0.0,True
train,TR02,997f8e3f59b42100a7eb274535485081ccfdad4306dbddf605d35c0fc5e8f886,6,K06_tw_span4.0_shift-0.5_dens1.00,point,S1,True,6,0.01698104431140541,0.0496009912067811,1.0,False,0.009841652675971745,0.015163473537199232,0.009841652675971745,71.3339481079688,0.0,True
train,TR02,997f8e3f59b42100a7eb274535485081ccfdad4306dbddf605d35c0fc5e8f886,6,K06_tw_span4.0_shift-0.5_dens1.25,point,S1,True,6,0.01255640900311881,0.047506085960994454,1.0,False,0.009400144268854502,0.01495201799270092,0.009400144268854502,53.3367698723599,0.0,True
train,TR02,997f8e3f59b42100a7eb274535485081ccfdad4306dbddf605d35c0fc5e8f886,6,K06_tw_span6.0_shift+0.0_dens1.00,point,S1,True,6,0.015689360602318556,0.025468056422397904,1.0,False,0.006015545543440533,0.005668974731703496,0.006015545543440533,52.67876587655005,0.0,True
train,TR02,997f8e3f59b42100a7eb274535485081ccfdad4306dbddf605d35c0fc5e8f886,6,K06_tw_span6.0_shift+0.0_dens1.25,point,S1,True,6,0.014860605651258355,0.029666703678911242,1.0,False,0.005530038036843899,0.005365554319577276,0.005530038036843899,32.41073072216131,1.652594879119541e-16,True
train,TR02,997f8e3f59b42100a7eb274535485081ccfdad4306dbddf605d35c0fc5e8f886,6,K06_tw_span6.0_shift+0.5_dens1.00,point,S1,True,6,0.019110450053133398,0.03138316585200281,1.0,False,0.006434851124795782,0.005298349309112376,0.006434851124795782,18.156731648443806,0.0,True
train,TR02,997f8e3f59b42100a7eb274535485081ccfdad4306dbddf605d35c0fc5e8f886,6,K06_tw_span6.0_shift+0.5_dens1.25,point,S1,True,6,0.00661923683873858,0.01553689631334201,0.0,True,0.004434499390423384,0.004504958808371588,0.004434499390423384,14.455128841661042,0.0,True
train,TR02,997f8e3f59b42100a7eb274535485081ccfdad4306dbddf605d35c0fc5e8f886,6,K06_tw_span6.0_shift-0.5_dens1.00,point,S1,True,6,0.01636153769047886,0.0325265333320475,1.0,False,0.006505054743653225,0.007008410315260638,0.006505054743653225,234.71887163331496,0.0,True
train,TR02,997f8e3f59b42100a7eb274535485081ccfdad4306dbddf605d35c0fc5e8f886,6,K06_tw_span6.0_shift-0.5_dens1.25,point,S1,True,6,0.020582951482347386,0.031047563004836957,1.0,False,0.006346142535848084,0.0071181876453946125,0.006346142535848084,123.64895361163292,1.652594879119541e-16,True
train,TR02,997f8e3f59b42100a7eb274535485081ccfdad4306dbddf605d35c0fc5e8f886,6,K06_tw_span8.0_shift+0.0_dens1.00,point,S1,True,6,0.029498930085787363,0.06674541882354465,1.0,False,0.013968595313710698,0.011628523811422724,0.013968595313710698,196.62923900268734,0.0,True
train,TR02,997f8e3f59b42100a7eb274535485081ccfdad4306dbddf605d35c0fc5e8f886,6,K06_tw_span8.0_shift+0.0_dens1.25,point,S1,True,6,0.026409472630047413,0.05611425287231109,1.0,False,0.008849989618912821,0.008924892842425461,0.008849989618912821,93.78370944481998,1.652594879119541e-16,True
train,TR02,997f8e3f59b42100a7eb274535485081ccfdad4306dbddf605d35c0fc5e8f886,6,K06_tw_span8.0_shift+0.5_dens1.00,point,S1,True,6,0.03901577913873264,0.08638650991808514,1.0,False,0.015797330501070617,0.012443679586251822,0.015797330501070617,53.00092322087083,0.0,True
train,TR02,997f8e3f59b42100a7eb274535485081ccfdad4306dbddf605d35c0fc5e8f886,6,K06_tw_span8.0_shift+0.5_dens1.25,point,S1,True,6,0.013260686437263296,0.02450591982591184,0.5,False,0.00667366087267043,0.0070428002766389,0.00667366087267043,28.182151002024945,1.652594879119541e-16,True
train,TR02,997f8e3f59b42100a7eb274535485081ccfdad4306dbddf605d35c0fc5e8f886,6,K06_tw_span8.0_shift-0.5_dens1.00,point,S1,True,6,0.03707943131101167,0.07241320892186527,1.0,False,0.013077083231202026,0.011470356711142818,0.013077083231202026,1053.9258814604252,0.0,True
train,TR02,997f8e3f59b42100a7eb274535485081ccfdad4306dbddf605d35c0fc5e8f886,6,K06_tw_span8.0_shift-0.5_dens1.25,point,S1,True,6,0.03588563325516749,0.08340166517909743,1.0,False,0.013908351521062757,0.011672298987909814,0.013908351521062757,411.16126008528073,0.0,True
train,TR02,997f8e3f59b42100a7eb274535485081ccfdad4306dbddf605d35c0fc5e8f886,8,K08_cc_span4.0_shift+0.0_dens1.00,point,S1,True,6,0.002020874923056677,0.01081349461811827,0.0,True,0.0035238736357106394,0.004498740703149159,0.0035238736357106394,50.16610320440201,0.0,True
train,TR02,997f8e3f59b42100a7eb274535485081ccfdad4306dbddf605d35c0fc5e8f886,8,K08_cc_span4.0_shift+0.0_dens1.25,point,S1,True,6,0.001993662571334846,0.010963131458705805,0.0,True,0.0036193418929319383,0.00457159955753292,0.0036193418929319383,81.58668557485828,0.0,True
train,TR02,997f8e3f59b42100a7eb274535485081ccfdad4306dbddf605d35c0fc5e8f886,8,K08_cc_span4.0_shift+0.5_dens1.00,point,S1,True,6,0.005180480380612857,0.03439811594755764,1.0,False,0.010546148057308798,0.008304435271255161,0.010546148057308798,46.35393064771889,0.0,True
train,TR02,997f8e3f59b42100a7eb274535485081ccfdad4306dbddf605d35c0fc5e8f886,8,K08_cc_span4.0_shift+0.5_dens1.25,point,S1,True,6,0.005454562055871035,0.035972561495140776,1.0,False,0.010723523652505859,0.008439253197024965,0.010723523652505859,75.63061695885419,0.0,True
train,TR02,997f8e3f59b42100a7eb274535485081ccfdad4306dbddf605d35c0fc5e8f886,8,K08_cc_span4.0_shift-0.5_dens1.00,point,S1,True,6,0.003175756643236218,0.00871788493652851,0.0,True,0.0010817069588664981,0.006287808461653468,0.0010817069588664981,57.61086996775906,0.0,True
train,TR02,997f8e3f59b42100a7eb274535485081ccfdad4306dbddf605d35c0fc5e8f886,8,K08_cc_span4.0_shift-0.5_dens1.25,point,S1,True,6,0.0027563904902950624,0.008653610933218732,0.0,True,0.0011624621565608513,0.006359449040061793,0.0011624621565608513,88.82297329816384,0.0,True
train,TR02,997f8e3f59b42100a7eb274535485081ccfdad4306dbddf605d35c0fc5e8f886,8,K08_cc_span6.0_shift+0.0_dens1.00,point,S1,True,6,0.004917146029505371,0.006336976329661409,0.0,True,0.0015501011091608214,0.001623715482816798,0.0015501011091608214,29.180313105802966,0.0,True
train,TR02,997f8e3f59b42100a7eb274535485081ccfdad4306dbddf605d35c0fc5e8f886,8,K08_cc_span6.0_shift+0.0_dens1.25,point,S1,True,6,0.003489622482955696,0.005199092207831957,0.0,True,0.0014229473956959625,0.0015909777975381787,0.0014229473956959625,28.800834898687924,0.0,True
train,TR02,997f8e3f59b42100a7eb274535485081ccfdad4306dbddf605d35c0fc5e8f886,8,K08_cc_span6.0_shift+0.5_dens1.00,point,S1,True,6,0.005197202943116213,0.006302615184508456,0.0,True,0.0016994596992890609,0.0014222886163392245,0.0016994596992890609,18.737419167880912,0.0,True
train,TR02,997f8e3f59b42100a7eb274535485081ccfdad4306dbddf605d35c0fc5e8f886,8,K08_cc_span6.0_shift+0.5_dens1.25,point,S1,True,6,0.0050332232486959925,0.006821827464211876,0.0,True,0.001779639891654766,0.0015127638259481665,0.001779639891654766,26.21592683164763,0.0,True
train,TR02,997f8e3f59b42100a7eb274535485081ccfdad4306dbddf605d35c0fc5e8f886,8,K08_cc_span6.0_shift-0.5_dens1.00,point,S1,True,6,0.004264736654679673,0.006276984330702449,0.0,True,0.001527786546521448,0.002377818354348065,0.001527786546521448,101.3722280851558,0.0,True
train,TR02,997f8e3f59b42100a7eb274535485081ccfdad4306dbddf605d35c0fc5e8f886,8,K08_cc_span6.0_shift-0.5_dens1.25,point,S1,True,6,0.0031748372725334097,0.0048326591457937005,0.0,True,0.0014231396238818714,0.002323558897983719,0.0014231396238818714,57.15530844224966,0.0,True
train,TR02,997f8e3f59b42100a7eb274535485081ccfdad4306dbddf605d35c0fc5e8f886,8,K08_cc_span8.0_shift+0.0_dens1.00,point,S1,True,6,0.014548524815748858,0.02540525242493483,1.0,False,0.005279769998276858,0.004192330461671235,0.005279769998276858,117.6292151308113,0.0,True
train,TR02,997f8e3f59b42100a7eb274535485081ccfdad4306dbddf605d35c0fc5e8f886,8,K08_cc_span8.0_shift+0.0_dens1.25,point,S1,True,6,0.00585886690062395,0.014907333525984643,0.0,True,0.0034229801992796444,0.0031308578851951298,0.0034229801992796444,57.9978157906846,0.0,True
train,TR02,997f8e3f59b42100a7eb274535485081ccfdad4306dbddf605d35c0fc5e8f886,8,K08_cc_span8.0_shift+0.5_dens1.00,point,S1,True,6,0.01197928254210862,0.02288001516655893,0.6666666666666666,False,0.005116738587135563,0.00417395100518387,0.005116738587135563,47.66890317333273,0.0,True
train,TR02,997f8e3f59b42100a7eb274535485081ccfdad4306dbddf605d35c0fc5e8f886,8,K08_cc_span8.0_shift+0.5_dens1.25,point,S1,True,6,0.012525504124588907,0.019077072505664212,0.5,False,0.004204485862439635,0.003546912528834846,0.004204485862439635,41.87234423892762,0.0,True
train,TR02,997f8e3f59b42100a7eb274535485081ccfdad4306dbddf605d35c0fc5e8f886,8,K08_cc_span8.0_shift-0.5_dens1.00,point,S1,True,6,0.014684340545179022,0.025027167208835396,1.0,False,0.005224463060258687,0.004230166740293519,0.005224463060258687,751.6347530333285,0.0,True
train,TR02,997f8e3f59b42100a7eb274535485081ccfdad4306dbddf605d35c0fc5e8f886,8,K08_cc_span8.0_shift-0.5_dens1.25,point,S1,True,6,0.008139575081203249,0.015110242440864943,0.0,True,0.003556878120622742,0.0031527035865450423,0.003556878120622742,264.0899337095878,0.0,True
train,TR02,997f8e3f59b42100a7eb274535485081ccfdad4306dbddf605d35c0fc5e8f886,8,K08_tw_span4.0_shift+0.0_dens1.00,point,S1,True,6,0.004219767269795303,0.015408855481091274,0.0,True,0.0023376437540936997,0.008660282537840356,0.0023376437540936997,80.42619242333257,0.0,True
train,TR02,997f8e3f59b42100a7eb274535485081ccfdad4306dbddf605d35c0fc5e8f886,8,K08_tw_span4.0_shift+0.0_dens1.25,point,S1,True,6,0.00427369646746601,0.014258015715507973,0.0,True,0.002438207765952845,0.008757311296952317,0.002438207765952845,97.70711869882761,0.0,True
train,TR02,997f8e3f59b42100a7eb274535485081ccfdad4306dbddf605d35c0fc5e8f886,8,K08_tw_span4.0_shift+0.5_dens1.00,point,S1,True,6,0.0021433013266485426,0.004994066297400998,0.0,True,0.0013839059246587243,0.005108979145166451,0.0013839059246587243,53.31794572214952,0.0,True
train,TR02,997f8e3f59b42100a7eb274535485081ccfdad4306dbddf605d35c0fc5e8f886,8,K08_tw_span4.0_shift+0.5_dens1.25,point,S1,True,6,0.0021243490168736494,0.0051340439610735675,0.0,True,0.0014583733399796631,0.005171281156178668,0.0014583733399796631,85.44205417326121,0.0,True
train,TR02,997f8e3f59b42100a7eb274535485081ccfdad4306dbddf605d35c0fc5e8f886,8,K08_tw_span4.0_shift-0.5_dens1.00,point,S1,True,6,0.016133711376267613,0.04120869457271467,1.0,False,0.00931535728627337,0.014818342840598213,0.00931535728627337,424.6701700747781,0.0,True
train,TR02,997f8e3f59b42100a7eb274535485081ccfdad4306dbddf605d35c0fc5e8f886,8,K08_tw_span4.0_shift-0.5_dens1.25,point,S1,True,6,0.019899095009665684,0.043418175555687666,1.0,False,0.009547091508049589,0.014973386299801312,0.009547091508049589,248.51491338392722,0.0,True
train,TR02,997f8e3f59b42100a7eb274535485081ccfdad4306dbddf605d35c0fc5e8f886,8,K08_tw_span6.0_shift+0.0_dens1.00,point,S1,True,6,0.0048004818823146065,0.005634355355975594,0.0,True,0.0015409663189470395,0.0031418798887169514,0.0015409663189470395,300.9249885245455,0.0,True
train,TR02,997f8e3f59b42100a7eb274535485081ccfdad4306dbddf605d35c0fc5e8f886,8,K08_tw_span6.0_shift+0.0_dens1.25,point,S1,True,6,0.003960214142170433,0.0059627222635956914,0.0,True,0.0014414484189299189,0.003101764807935285,0.0014414484189299189,140.03160330315393,0.0,True
train,TR02,997f8e3f59b42100a7eb274535485081ccfdad4306dbddf605d35c0fc5e8f886,8,K08_tw_span6.0_shift+0.5_dens1.00,point,S1,True,6,0.00540115551952114,0.00664712804155709,0.0,True,0.0015364298308262153,0.0020030456324121523,0.0015364298308262153,55.74360542855731,0.0,True
train,TR02,997f8e3f59b42100a7eb274535485081ccfdad4306dbddf605d35c0fc5e8f886,8,K08_tw_span6.0_shift+0.5_dens1.25,point,S1,True,6,0.003730246472829655,0.00480856747893422,0.0,True,0.0013999688633204179,0.0019351248126486648,0.0013999688633204179,36.50492390670312,0.0,True
train,TR02,997f8e3f59b42100a7eb274535485081ccfdad4306dbddf605d35c0fc5e8f886,8,K08_tw_span6.0_shift-0.5_dens1.00,point,S1,True,6,0.005516260522185537,0.008575194646774035,0.0,True,0.0016700046894495076,0.0052561437530392685,0.0016700046894495076,3425.9401401682867,0.0,True
train,TR02,997f8e3f59b42100a7eb274535485081ccfdad4306dbddf605d35c0fc5e8f886,8,K08_tw_span6.0_shift-0.5_dens1.25,point,S1,True,6,0.0068160932209155355,0.01047472216173848,0.0,True,0.002014503540641526,0.005218710016673363,0.002014503540641526,1197.1087665414439,0.0,True
train,TR02,997f8e3f59b42100a7eb274535485081ccfdad4306dbddf605d35c0fc5e8f886,8,K08_tw_span8.0_shift+0.0_dens1.00,point,S1,True,6,0.014094737938698287,0.0212544953703884,1.0,False,0.0050801091114324425,0.004214999494099562,0.0050801091114324425,2986.6583948672087,1.652594879119541e-16,True
train,TR02,997f8e3f59b42100a7eb274535485081ccfdad4306dbddf605d35c0fc5e8f886,8,K08_tw_span8.0_shift+0.0_dens1.25,point,S1,True,6,0.009389167501591173,0.017207590479567644,0.0,True,0.0039011600886349166,0.0034063848924647242,0.0039011600886349166,851.4298252167808,0.0,True
train,TR02,997f8e3f59b42100a7eb274535485081ccfdad4306dbddf605d35c0fc5e8f886,8,K08_tw_span8.0_shift+0.5_dens1.00,point,S1,True,6,0.017185204626402058,0.025905668170911687,1.0,False,0.005369059392291851,0.004252746702080254,0.005369059392291851,326.1732315523107,0.0,True
train,TR02,997f8e3f59b42100a7eb274535485081ccfdad4306dbddf605d35c0fc5e8f886,8,K08_tw_span8.0_shift+0.5_dens1.25,point,S1,True,6,0.00652090436040226,0.011149021143942131,0.0,True,0.003340134725166381,0.0030572706919396856,0.003340134725166381,134.09349672664484,0.0,True
train,TR02,997f8e3f59b42100a7eb274535485081ccfdad4306dbddf605d35c0fc5e8f886,8,K08_tw_span8.0_shift-0.5_dens1.00,point,S1,True,6,0.015297271685510982,0.025567825678405723,1.0,False,0.005371880519529742,0.0044936501905561525,0.005371880519529742,44062.28336610503,0.0,True
train,TR02,997f8e3f59b42100a7eb274535485081ccfdad4306dbddf605d35c0fc5e8f886,8,K08_tw_span8.0_shift-0.5_dens1.25,point,S1,True,6,0.013950973359592094,0.01919600512284376,0.5,False,0.00413390875015631,0.004173727457248121,0.00413390875015631,10071.714203818125,0.0,True
train,TR02,997f8e3f59b42100a7eb274535485081ccfdad4306dbddf605d35c0fc5e8f886,10,K10_cc_span4.0_shift+0.0_dens1.00,point,S1,True,6,0.0010351744431681112,0.010345902524789924,0.0,True,0.0033667697515331486,0.004396705785985611,0.0033667697515331486,140.07140098693034,0.0,True
train,TR02,997f8e3f59b42100a7eb274535485081ccfdad4306dbddf605d35c0fc5e8f886,10,K10_cc_span4.0_shift+0.0_dens1.25,point,S1,True,6,0.0016518912821243859,0.010378132427846184,0.0,True,0.0033527492814191848,0.004379879924823489,0.0033527492814191848,294.2804518092019,0.0,True
train,TR02,997f8e3f59b42100a7eb274535485081ccfdad4306dbddf605d35c0fc5e8f886,10,K10_cc_span4.0_shift+0.5_dens1.00,point,S1,True,6,0.002797159963688195,0.035651180571269245,1.0,False,0.010497385310395681,0.008252795145659445,0.010497385310395681,129.35442003458462,1.652594879119541e-16,True
train,TR02,997f8e3f59b42100a7eb274535485081ccfdad4306dbddf605d35c0fc5e8f886,10,K10_cc_span4.0_shift+0.5_dens1.25,point,S1,True,6,0.0034484923996009977,0.035004149210659974,1.0,False,0.010420253618154216,0.008193755880678966,0.010420253618154216,272.7965922649242,0.0,True
train,TR02,997f8e3f59b42100a7eb274535485081ccfdad4306dbddf605d35c0fc5e8f886,10,K10_cc_span4.0_shift-0.5_dens1.00,point,S1,True,6,0.002156131384260673,0.006964355419226249,0.0,True,0.0009013426680175517,0.0062436437481508305,0.0009013426680175517,163.1379120244719,0.0,True
train,TR02,997f8e3f59b42100a7eb274535485081ccfdad4306dbddf605d35c0fc5e8f886,10,K10_cc_span4.0_shift-0.5_dens1.25,point,S1,True,6,0.0017151404621382664,0.006698416595671395,0.0,True,0.0009854907672123482,0.0062178400512232675,0.0009854907672123482,320.4918327136745,0.0,True
train,TR02,997f8e3f59b42100a7eb274535485081ccfdad4306dbddf605d35c0fc5e8f886,10,K10_cc_span6.0_shift+0.0_dens1.00,point,S1,True,6,0.001107045947231637,0.001230571387023366,0.0,True,0.00037165907060709877,0.0011066526606871153,0.00037165907060709877,70.68686276783043,0.0,True
train,TR02,997f8e3f59b42100a7eb274535485081ccfdad4306dbddf605d35c0fc5e8f886,10,K10_cc_span6.0_shift+0.0_dens1.25,point,S1,True,6,0.0009750709914269338,0.0011533577254064032,0.0,True,0.0003571998239002514,0.0011100326656034725,0.0003571998239002514,69.95271545119957,0.0,True
train,TR02,997f8e3f59b42100a7eb274535485081ccfdad4306dbddf605d35c0fc5e8f886,10,K10_cc_span6.0_shift+0.5_dens1.00,point,S1,True,6,0.0012157928175172898,0.0024879816238038426,0.0,True,0.0007358887816242438,0.0007332412650985638,0.0007358887816242438,37.33531934256251,0.0,True
train,TR02,997f8e3f59b42100a7eb274535485081ccfdad4306dbddf605d35c0fc5e8f886,10,K10_cc_span6.0_shift+0.5_dens1.25,point,S1,True,6,0.0009748822367975349,0.002972058803280265,0.0,True,0.0008199006412769514,0.0007885782891982661,0.0008199006412769514,63.9421461221518,0.0,True
train,TR02,997f8e3f59b42100a7eb274535485081ccfdad4306dbddf605d35c0fc5e8f886,10,K10_cc_span6.0_shift-0.5_dens1.00,point,S1,True,6,0.0012613028132309127,0.0015414775906777947,0.0,True,0.0003724892885718957,0.0020618899414706106,0.0003724892885718957,421.5362303764361,0.0,True
train,TR02,997f8e3f59b42100a7eb274535485081ccfdad4306dbddf605d35c0fc5e8f886,10,K10_cc_span6.0_shift-0.5_dens1.25,point,S1,True,6,0.0008492613005987115,0.0012132244554816166,0.0,True,0.00031762497705269723,0.0020639758233377136,0.00031762497705269723,182.76212080296528,0.0,True
train,TR02,997f8e3f59b42100a7eb274535485081ccfdad4306dbddf605d35c0fc5e8f886,10,K10_cc_span8.0_shift+0.0_dens1.00,point,S1,True,6,0.005807376759369557,0.0076667833432472795,0.0,True,0.00184390775186319,0.0014556224284641014,0.00184390775186319,571.6395917179893,0.0,True
train,TR02,997f8e3f59b42100a7eb274535485081ccfdad4306dbddf605d35c0fc5e8f886,10,K10_cc_span8.0_shift+0.0_dens1.25,point,S1,True,6,0.0033723670670816113,0.0047587922197649575,0.0,True,0.0012392206006361782,0.001072156952272857,0.0012392206006361782,204.31613028897627,0.0,True
train,TR02,997f8e3f59b42100a7eb274535485081ccfdad4306dbddf605d35c0fc5e8f886,10,K10_cc_span8.0_shift+0.5_dens1.00,point,S1,True,6,0.006410446405712992,0.007972957233471458,0.0,True,0.0018274013847561844,0.001455326514663193,0.0018274013847561844,85.52788160594903,0.0,True
train,TR02,997f8e3f59b42100a7eb274535485081ccfdad4306dbddf605d35c0fc5e8f886,10,K10_cc_span8.0_shift+0.5_dens1.25,point,S1,True,6,0.004058037625585579,0.005691783021520131,0.0,True,0.0015153806790302081,0.0012450300786905522,0.0015153806790302081,57.14366757182576,1.652594879119541e-16,True
train,TR02,997f8e3f59b42100a7eb274535485081ccfdad4306dbddf605d35c0fc5e8f886,10,K10_cc_span8.0_shift-0.5_dens1.00,point,S1,True,6,0.005025208106573788,0.007543042167739019,0.0,True,0.0018189197881688032,0.0015224309002388648,0.0018189197881688032,7688.601903674892,0.0,True
train,TR02,997f8e3f59b42100a7eb274535485081ccfdad4306dbddf605d35c0fc5e8f886,10,K10_cc_span8.0_shift-0.5_dens1.25,point,S1,True,6,0.0033349396339456246,0.0045791997158477855,0.0,True,0.0012749631601041908,0.0011788027885492947,0.0012749631601041908,1853.1902590140785,0.0,True
train,TR02,997f8e3f59b42100a7eb274535485081ccfdad4306dbddf605d35c0fc5e8f886,10,K10_tw_span4.0_shift+0.0_dens1.00,point,S1,True,6,0.003072236357472986,0.01236600464755322,0.0,True,0.002131438899580972,0.00863147730512409,0.002131438899580972,259.9605713921756,0.0,True
train,TR02,997f8e3f59b42100a7eb274535485081ccfdad4306dbddf605d35c0fc5e8f886,10,K10_tw_span4.0_shift+0.0_dens1.25,point,S1,True,6,0.0038218259284702114,0.012847513809095119,0.0,True,0.002186048662875934,0.008590479241794947,0.002186048662875934,352.8547827008431,0.0,True
train,TR02,997f8e3f59b42100a7eb274535485081ccfdad4306dbddf605d35c0fc5e8f886,10,K10_tw_span4.0_shift+0.5_dens1.00,point,S1,True,6,0.0010373332686183488,0.0041521856421834575,0.0,True,0.00119114373191684,0.0050463723705602695,0.00119114373191684,149.2359433998463,0.0,True
train,TR02,997f8e3f59b42100a7eb274535485081ccfdad4306dbddf605d35c0fc5e8f886,10,K10_tw_span4.0_shift+0.5_dens1.25,point,S1,True,6,0.0013892876040447408,0.004093470272730917,0.0,True,0.0012558518742681018,0.005032507039112443,0.0012558518742681018,308.1873335481886,0.0,True
train,TR02,997f8e3f59b42100a7eb274535485081ccfdad4306dbddf605d35c0fc5e8f886,10,K10_tw_span4.0_shift-0.5_dens1.00,point,S1,True,6,0.013317552107702845,0.04392544967923237,1.0,False,0.00924900942671191,0.01485629195720859,0.00924900942671191,2726.1667760514133,0.0,True
train,TR02,997f8e3f59b42100a7eb274535485081ccfdad4306dbddf605d35c0fc5e8f886,10,K10_tw_span4.0_shift-0.5_dens1.25,point,S1,True,6,0.011588695304945653,0.04332740948669144,1.0,False,0.009143551913910131,0.01479764007526366,0.009143551913910131,1232.0532677876834,0.0,True
train,TR02,997f8e3f59b42100a7eb274535485081ccfdad4306dbddf605d35c0fc5e8f886,10,K10_tw_span6.0_shift+0.0_dens1.00,point,S1,True,6,0.0016858834226027802,0.002151549376822111,0.0,True,0.0003807109574806851,0.002907821084255716,0.0003807109574806851,1937.6141835476171,0.0,True
train,TR02,997f8e3f59b42100a7eb274535485081ccfdad4306dbddf605d35c0fc5e8f886,10,K10_tw_span6.0_shift+0.0_dens1.25,point,S1,True,6,0.0008614853928815344,0.0015596313698840827,0.0,True,0.00036735212876778234,0.00291505755056962,0.00036735212876778234,662.589719008617,0.0,True
train,TR02,997f8e3f59b42100a7eb274535485081ccfdad4306dbddf605d35c0fc5e8f886,10,K10_tw_span6.0_shift+0.5_dens1.00,point,S1,True,6,0.0014827936556070895,0.0014669217709509365,0.0,True,0.0003704379115792448,0.0016115326883039116,0.0003704379115792448,179.11880287807296,0.0,True
train,TR02,997f8e3f59b42100a7eb274535485081ccfdad4306dbddf605d35c0fc5e8f886,10,K10_tw_span6.0_shift+0.5_dens1.25,point,S1,True,6,0.0008549616461240297,0.001140923715757177,0.0,True,0.00031497767790988304,0.0016115638752710068,0.00031497767790988304,94.52504338033732,0.0,True
train,TR02,997f8e3f59b42100a7eb274535485081ccfdad4306dbddf605d35c0fc5e8f886,10,K10_tw_span6.0_shift-0.5_dens1.00,point,S1,True,6,0.0019984800162551756,0.00579381283705021,0.0,True,0.0006337903790909088,0.005094428695763768,0.0006337903790909088,52364.42504316516,0.0,True
train,TR02,997f8e3f59b42100a7eb274535485081ccfdad4306dbddf605d35c0fc5e8f886,10,K10_tw_span6.0_shift-0.5_dens1.25,point,S1,True,6,0.002256286860318581,0.006388592910346685,0.0,True,0.0007624379113391649,0.005114428192911451,0.0007624379113391649,12783.10105168627,0.0,True
train,TR02,997f8e3f59b42100a7eb274535485081ccfdad4306dbddf605d35c0fc5e8f886,10,K10_tw_span8.0_shift+0.0_dens1.00,point,S1,True,6,0.006011082802306554,0.007634028107263649,0.0,True,0.0018348236215140294,0.001646981293318156,0.0018348236215140294,48501.31118594081,0.0,True
train,TR02,997f8e3f59b42100a7eb274535485081ccfdad4306dbddf605d35c0fc5e8f886,10,K10_tw_span8.0_shift+0.0_dens1.25,point,S1,True,6,0.003868173495618659,0.004643001200212297,0.0,True,0.001290839108882657,0.0013915076556454892,0.001290839108882657,9378.844956372046,0.0,True
train,TR02,997f8e3f59b42100a7eb274535485081ccfdad4306dbddf605d35c0fc5e8f886,10,K10_tw_span8.0_shift+0.5_dens1.00,point,S1,True,6,0.006485434066265262,0.007949111172264524,0.0,True,0.0018369083285951,0.0014871209622369583,0.0018369083285951,2466.049473752443,0.0,True
train,TR02,997f8e3f59b42100a7eb274535485081ccfdad4306dbddf605d35c0fc5e8f886,10,K10_tw_span8.0_shift+0.5_dens1.25,point,S1,True,6,0.0035124806033002194,0.004481046825264807,0.0,True,0.0012573435180294333,0.0010963426737718432,0.0012573435180294333,690.5283265486237,0.0,True
train,TR02,997f8e3f59b42100a7eb274535485081ccfdad4306dbddf605d35c0fc5e8f886,10,K10_tw_span8.0_shift-0.5_dens1.00,point,S1,True,6,0.006269915918939249,0.008032061071023854,0.0,True,0.0018256644940505206,0.002149949286983039,0.0018256644940505206,1855058.7409483434,0.0,True
train,TR02,997f8e3f59b42100a7eb274535485081ccfdad4306dbddf605d35c0fc5e8f886,10,K10_tw_span8.0_shift-0.5_dens1.25,point,S1,True,6,0.004735199106433375,0.006890635984516323,0.0,True,0.0016983608707427378,0.0021145260171410527,0.0016983608707427378,259353.90723155127,0.0,True
train,TR02,997f8e3f59b42100a7eb274535485081ccfdad4306dbddf605d35c0fc5e8f886,12,K12_cc_span4.0_shift+0.0_dens1.00,point,S1,True,6,0.0014936494654962705,0.010425130064988348,0.0,True,0.0033751579240449713,0.00439680520894871,0.0033751579240449713,394.36170814613024,0.0,True
train,TR02,997f8e3f59b42100a7eb274535485081ccfdad4306dbddf605d35c0fc5e8f886,12,K12_cc_span4.0_shift+0.0_dens1.25,point,S1,True,6,0.0011390069092033109,0.010374603281837872,0.0,True,0.0033706351496492035,0.004397995516220047,0.0033706351496492035,1096.657282122292,0.0,True
train,TR02,997f8e3f59b42100a7eb274535485081ccfdad4306dbddf605d35c0fc5e8f886,12,K12_cc_span4.0_shift+0.5_dens1.00,point,S1,True,6,0.004440181445431865,0.0346501446739866,1.0,False,0.0104282014683223,0.00820093760688741,0.0104282014683223,363.98926217362344,1.652594879119541e-16,True
train,TR02,997f8e3f59b42100a7eb274535485081ccfdad4306dbddf605d35c0fc5e8f886,12,K12_cc_span4.0_shift+0.5_dens1.25,point,S1,True,6,0.0034648204342592106,0.03536807406175158,1.0,False,0.010485057409798024,0.008242457225189896,0.010485057409798024,1016.4758830460142,0.0,True
train,TR02,997f8e3f59b42100a7eb274535485081ccfdad4306dbddf605d35c0fc5e8f886,12,K12_cc_span4.0_shift-0.5_dens1.00,point,S1,True,6,0.0018077574434028566,0.0068540783540408795,0.0,True,0.0009460912609110863,0.006222915667988879,0.0009460912609110863,465.914501318402,0.0,True
train,TR02,997f8e3f59b42100a7eb274535485081ccfdad4306dbddf605d35c0fc5e8f886,12,K12_cc_span4.0_shift-0.5_dens1.25,point,S1,True,6,0.001958948680342898,0.006985854622973687,0.0,True,0.0009069327955847722,0.006239575239143127,0.0009069327955847722,1196.0891436488835,0.0,True
train,TR02,997f8e3f59b42100a7eb274535485081ccfdad4306dbddf605d35c0fc5e8f886,12,K12_cc_span6.0_shift+0.0_dens1.00,point,S1,True,6,0.0003650361849091188,0.00034878577059519454,0.0,True,9.03636123354448e-05,0.001039202867341097,9.03636123354448e-05,176.1421588661667,0.0,True
train,TR02,997f8e3f59b42100a7eb274535485081ccfdad4306dbddf605d35c0fc5e8f886,12,K12_cc_span6.0_shift+0.0_dens1.25,point,S1,True,6,0.00018904653595096257,0.00031102062158598447,0.0,True,8.604542022059173e-05,0.001063733523178821,8.604542022059173e-05,175.04592291540914,0.0,True
train,TR02,997f8e3f59b42100a7eb274535485081ccfdad4306dbddf605d35c0fc5e8f886,12,K12_cc_span6.0_shift+0.5_dens1.00,point,S1,True,6,0.0004635696409622237,0.0020210252849413653,0.0,True,0.0005071046586723185,0.000591661840687158,0.0005071046586723185,75.02357539159341,0.0,True
train,TR02,997f8e3f59b42100a7eb274535485081ccfdad4306dbddf605d35c0fc5e8f886,12,K12_cc_span6.0_shift+0.5_dens1.25,point,S1,True,6,0.00033148504140665384,0.0023656354645262122,0.0,True,0.0006181320809124446,0.000660506450201569,0.0006181320809124446,160.47134601913308,0.0,True
train,TR02,997f8e3f59b42100a7eb274535485081ccfdad4306dbddf605d35c0fc5e8f886,12,K12_cc_span6.0_shift-0.5_dens1.00,point,S1,True,6,0.00045078135314023226,0.0008813358391583406,0.0,True,9.475515250548206e-05,0.0019911039968328126,9.475515250548206e-05,1835.2281884192155,1.652594879119541e-16,True
train,TR02,997f8e3f59b42100a7eb274535485081ccfdad4306dbddf605d35c0fc5e8f886,12,K12_cc_span6.0_shift-0.5_dens1.25,point,S1,True,6,0.00031880167170563953,0.0008810245054399124,0.0,True,7.291109571075133e-05,0.002032097619143338,7.291109571075133e-05,617.6196990563461,0.0,True
train,TR02,997f8e3f59b42100a7eb274535485081ccfdad4306dbddf605d35c0fc5e8f886,12,K12_cc_span8.0_shift+0.0_dens1.00,point,S1,True,6,0.0019302025448350128,0.002369533814717365,0.0,True,0.0006324829377044693,0.0005137968912186613,0.0006324829377044693,2943.510358659262,0.0,True
train,TR02,997f8e3f59b42100a7eb274535485081ccfdad4306dbddf605d35c0fc5e8f886,12,K12_cc_span8.0_shift+0.0_dens1.25,point,S1,True,6,0.0011198416672822287,0.0012725341514238913,0.0,True,0.0004036078109866247,0.0003585327806227143,0.0004036078109866247,789.2048519157274,0.0,True
train,TR02,997f8e3f59b42100a7eb274535485081ccfdad4306dbddf605d35c0fc5e8f886,12,K12_cc_span8.0_shift+0.5_dens1.00,point,S1,True,6,0.002355592320008264,0.0024478530726737436,0.0,True,0.0006301889995550597,0.0004984202749618622,0.0006301889995550597,245.4742603037991,1.652594879119541e-16,True
train,TR02,997f8e3f59b42100a7eb274535485081ccfdad4306dbddf605d35c0fc5e8f886,12,K12_cc_span8.0_shift+0.5_dens1.25,point,S1,True,6,0.0014556524951160922,0.0016869413641213624,0.0,True,0.0005326037996145832,0.00042544110616793304,0.0005326037996145832,104.4899770216,0.0,True
train,TR02,997f8e3f59b42100a7eb274535485081ccfdad4306dbddf605d35c0fc5e8f886,12,K12_cc_span8.0_shift-0.5_dens1.00,point,S1,True,6,0.0021839494113896954,0.0022915552328101997,0.0,True,0.0006325465157690971,0.0006838872279366843,0.0006325465157690971,80317.46920223268,0.0,True
train,TR02,997f8e3f59b42100a7eb274535485081ccfdad4306dbddf605d35c0fc5e8f886,12,K12_cc_span8.0_shift-0.5_dens1.25,point,S1,True,6,0.0011438811003582096,0.0011763782862090981,0.0,True,0.0003857407879213528,0.0005785000189368575,0.0003857407879213528,13369.819199788171,0.0,True
train,TR02,997f8e3f59b42100a7eb274535485081ccfdad4306dbddf605d35c0fc5e8f886,12,K12_tw_span4.0_shift+0.0_dens1.00,point,S1,True,6,0.004351081244837074,0.013474486547458206,0.0,True,0.002171303990115301,0.008593360223617097,0.002171303990115301,861.3122363183064,0.0,True
train,TR02,997f8e3f59b42100a7eb274535485081ccfdad4306dbddf605d35c0fc5e8f886,12,K12_tw_span4.0_shift+0.0_dens1.25,point,S1,True,6,0.0033136386308721764,0.012876289649578978,0.0,True,0.0021406970661619193,0.008623594411109829,0.0021406970661619193,1319.754401711225,0.0,True
train,TR02,997f8e3f59b42100a7eb274535485081ccfdad4306dbddf605d35c0fc5e8f886,12,K12_tw_span4.0_shift+0.5_dens1.00,point,S1,True,6,0.0014049248352215244,0.004125032782861308,0.0,True,0.0012326741937118398,0.005037534742882628,0.0012326741937118398,421.2640499369552,1.652594879119541e-16,True
train,TR02,997f8e3f59b42100a7eb274535485081ccfdad4306dbddf605d35c0fc5e8f886,12,K12_tw_span4.0_shift+0.5_dens1.25,point,S1,True,6,0.001337028417971767,0.004037229070356993,0.0,True,0.0011989388089414744,0.0050447075333916284,0.0011989388089414744,1149.017675563495,0.0,True
train,TR02,997f8e3f59b42100a7eb274535485081ccfdad4306dbddf605d35c0fc5e8f886,12,K12_tw_span4.0_shift-0.5_dens1.00,point,S1,True,6,0.010744723089188168,0.04268431234336655,1.0,False,0.009158990020201726,0.014787543230822611,0.009158990020201726,18364.01659544457,0.0,True
train,TR02,997f8e3f59b42100a7eb274535485081ccfdad4306dbddf605d35c0fc5e8f886,12,K12_tw_span4.0_shift-0.5_dens1.25,point,S1,True,6,0.01310703653098481,0.04313913147376907,1.0,False,0.00923308418009107,0.014838722824276422,0.00923308418009107,6394.37151883915,0.0,True
train,TR02,997f8e3f59b42100a7eb274535485081ccfdad4306dbddf605d35c0fc5e8f886,12,K12_tw_span6.0_shift+0.0_dens1.00,point,S1,True,6,0.000508267950258592,0.0015670398001183762,0.0,True,0.0001256743711207279,0.002824787971658431,0.0001256743711207279,12917.379395441701,0.0,True
train,TR02,997f8e3f59b42100a7eb274535485081ccfdad4306dbddf605d35c0fc5e8f886,12,K12_tw_span6.0_shift+0.0_dens1.25,point,S1,True,6,0.000565228950113955,0.0013834886827407216,0.0,True,0.00012291361401370034,0.002881069302116148,0.00012291361401370034,3293.141378861589,1.652594879119541e-16,True
train,TR02,997f8e3f59b42100a7eb274535485081ccfdad4306dbddf605d35c0fc5e8f886,12,K12_tw_span6.0_shift+0.5_dens1.00,point,S1,True,6,0.00042498953728936417,0.0006043082419056264,0.0,True,9.06152949676336e-05,0.0015451575105861655,9.06152949676336e-05,604.1927973325351,0.0,True
train,TR02,997f8e3f59b42100a7eb274535485081ccfdad4306dbddf605d35c0fc5e8f886,12,K12_tw_span6.0_shift+0.5_dens1.25,point,S1,True,6,0.00024355564038021897,0.0005678460836504959,0.0,True,6.739286770730573e-05,0.0015780333506730726,6.739286770730573e-05,253.15146677230697,0.0,True
train,TR02,997f8e3f59b42100a7eb274535485081ccfdad4306dbddf605d35c0fc5e8f886,12,K12_tw_span6.0_shift-0.5_dens1.00,point,S1,True,6,0.002144806909994394,0.004613412568441111,0.0,True,0.00047083933058846147,0.004970835756919043,0.00047083933058846147,848914.7046853187,0.0,True
train,TR02,997f8e3f59b42100a7eb274535485081ccfdad4306dbddf605d35c0fc5e8f886,12,K12_tw_span6.0_shift-0.5_dens1.25,point,S1,True,6,0.0018313350758757483,0.005507548582642157,0.0,True,0.0005258221675420021,0.005067210991316007,0.0005258221675420021,143366.13859802677,0.0,True
train,TR02,997f8e3f59b42100a7eb274535485081ccfdad4306dbddf605d35c0fc5e8f886,12,K12_tw_span8.0_shift+0.0_dens1.00,point,S1,True,6,0.002051830425573405,0.0022464094995983622,0.0,True,0.0006318259768764679,0.0009349506301596286,0.0006318259768764679,832701.8525826974,0.0,True
train,TR02,997f8e3f59b42100a7eb274535485081ccfdad4306dbddf605d35c0fc5e8f886,12,K12_tw_span8.0_shift+0.0_dens1.25,point,S1,True,6,0.0010566360725802063,0.001252942654703684,0.0,True,0.0004278322100435744,0.000875308096925251,0.0004278322100435744,105286.20648645113,0.0,True
train,TR02,997f8e3f59b42100a7eb274535485081ccfdad4306dbddf605d35c0fc5e8f886,12,K12_tw_span8.0_shift+0.5_dens1.00,point,S1,True,6,0.002185170642879879,0.002488458959720025,0.0,True,0.0006303652810071621,0.0005803802283861838,0.0006303652810071621,18836.259001222512,0.0,True
train,TR02,997f8e3f59b42100a7eb274535485081ccfdad4306dbddf605d35c0fc5e8f886,12,K12_tw_span8.0_shift+0.5_dens1.25,point,S1,True,6,0.0010891195369114696,0.0012441958973967472,0.0,True,0.00038673454821731666,0.000445105692159508,0.00038673454821731666,3828.3427301850697,0.0,True
train,TR02,997f8e3f59b42100a7eb274535485081ccfdad4306dbddf605d35c0fc5e8f886,12,K12_tw_span8.0_shift-0.5_dens1.00,point,S1,True,6,0.0022172350595710735,0.002432746826134256,0.0,True,0.0006330919959655895,0.0016700041979378934,0.0006330919959655895,83296818.75450198,0.0,True
train,TR02,997f8e3f59b42100a7eb274535485081ccfdad4306dbddf605d35c0fc5e8f886,12,K12_tw_span8.0_shift-0.5_dens1.25,point,S1,True,6,0.0017369854901264985,0.0021169797006041803,0.0,True,0.0005682794286878916,0.0016620438660560528,0.0005682794286878916,7078908.22354806,0.0,True
