candidate_id,K,template_family,offsets_log10_tau,span,shift,time_window_anchor,candidate_hash
K04_cc_span4.0_shift-0.5_dens1.00,4,cole_cole_tau_centered,-2.000000000000;-0.666666666667;0.666666666667;2.000000000000,4.000000,-0.500000,3.162277660168e-03,32540a42e9ae33fb3fcad7608a87af12cf0e5b3859190740353a391c7f965035
K04_cc_span4.0_shift-0.5_dens1.25,4,cole_cole_tau_centered,-2.000000000000;-0.506557123768;0.506557123768;2.000000000000,4.000000,-0.500000,3.162277660168e-03,85608955a594966b75050ce40fd27f1c0e026403a42f34f5d5e1c50a65a84877
K04_cc_span4.0_shift+0.0_dens1.00,4,cole_cole_tau_centered,-2.000000000000;-0.666666666667;0.666666666667;2.000000000000,4.000000,0.000000,3.162277660168e-03,428499115431ff18cfd21b8b999102594317d0b0e2530114827a05070912ac0c
K04_cc_span4.0_shift+0.0_dens1.25,4,cole_cole_tau_centered,-2.000000000000;-0.506557123768;0.506557123768;2.000000000000,4.000000,0.000000,3.162277660168e-03,d15b61a66ddb3788003c7acbf5a73fb122c2c7d6d156cfc681e51a66ee4aea32
K04_cc_span4.0_shift+0.5_dens1.00,4,cole_cole_tau_centered,-2.000000000000;-0.666666666667;0.666666666667;2.000000000000,4.000000,0.500000,3.162277660168e-03,db410a7f27b234996d71f5e91689334bbbe7932e4247626e3f9d6a70ba6bd5bc
K04_cc_span4.0_shift+0.5_dens1.25,4,cole_cole_tau_centered,-2.000000000000;-0.506557123768;0.506557123768;2.000000000000,4.000000,0.500000,3.162277660168e-03,4337189bc702af36e552c93087b05f8a73e0f14800e4a4be3fc9f214f873be16
K04_cc_span6.0_shift-0.5_dens1.00,4,cole_cole_tau_centered,-3.000000000000;-1.000000000000;1.000000000000;3.000000000000,6.000000,-0.500000,3.162277660168e-03,bdaa8b02f9cdab625ff957be0e94bb2580e12b539df88105864373277ce9e895
K04_cc_span6.0_shift-0.5_dens1.25,4,cole_cole_tau_centered,-3.000000000000;-0.759835685652;0.759835685652;3.000000000000,6.000000,-0.500000,3.162277660168e-03,a76f93213b01e1a82d58c66b2237d35910358731772d3e31587089c6b455c81d
K04_cc_span6.0_shift+0.0_dens1.00,4,cole_cole_tau_centered,-3.000000000000;-1.000000000000;1.000000000000;3.000000000000,6.000000,0.000000,3.162277660168e-03,006c751217df95b13e2b4cad1df58b57e1bb7e3aff0eb1b79dc6754cd031f173
K04_cc_span6.0_shift+0.0_dens1.25,4,cole_cole_tau_centered,-3.000000000000;-0.759835685652;0.759835685652;3.000000000000,6.000000,0.000000,3.162277660168e-03,02cf9d3dd3066c10fa8f4afd6e1135172dab41c2e4fffa8a08114d789396ad93
K04_cc_span6.0_shift+0.5_dens1.00,4,cole_cole_tau_centered,-3.000000000000;-1.000000000000;1.000000000000;3.000000000000,6.000000,0.500000,3.162277660168e-03,eb07323d5d98337573318d32657c27e65e2ccbe04ae5ba852bb6d67b07935be8
K04_cc_span6.0_shift+0.5_dens1.25,4,cole_cole_tau_centered,-3.000000000000;-0.759835685652;0.759835685652;3.000000000000,6.000000,0.500000,3.162277660168e-03,4c240473a01d0d81f621f1d707760b5a6eb6094eca17c1f5ad25e59ac3e09326
K04_cc_span8.0_shift-0.5_dens1.00,4,cole_cole_tau_centered,-4.000000000000;-1.333333333333;1.333333333333;4.000000000000,8.000000,-0.500000,3.162277660168e-03,a2309c92e3538f6ddb7c6d3edb5cd598bcacfc47e320a825022b5d682c48dc1a
K04_cc_span8.0_shift-0.5_dens1.25,4,cole_cole_tau_centered,-4.000000000000;-1.013114247535;1.013114247535;4.000000000000,8.000000,-0.500000,3.162277660168e-03,dc7b26e8d64a7345ee2ea6aad9caecb2449363976b5bc0de39b1507c27183b89
K04_cc_span8.0_shift+0.0_dens1.00,4,cole_cole_tau_centered,-4.000000000000;-1.333333333333;1.333333333333;4.000000000000,8.000000,0.000000,3.162277660168e-03,b7a9d51effba061399de2d1d85f185c142fe5d88404392b11c23b51d219f9d92
K04_cc_span8.0_shift+0.0_dens1.25,4,cole_cole_tau_centered,-4.000000000000;-1.013114247535;1.013114247535;4.000000000000,8.000000,0.000000,3.162277660168e-03,f4ff4a48fa7daf1a59554c74e44ab25f0cbe15d4e0c45c849565944d6da48b50
K04_cc_span8.0_shift+0.5_dens1.00,4,cole_cole_tau_centered,-4.000000000000;-1.333333333333;1.333333333333;4.000000000000,8.000000,0.500000,3.162277660168e-03,9d362cf58b4bcaa5941d94eeed605f41c63b5fb72c4efa56eea0170ec03ad7ff
K04_cc_span8.0_shift+0.5_dens1.25,4,cole_cole_tau_centered,-4.000000000000;-1.013114247535;1.013114247535;4.000000000000,8.000000,0.500000,3.162277660168e-03,4ea855342181d53b2cc384f62591e2e9e6c078b581243871d4b1736ab3c68d72
K04_tw_span4.0_shift-0.5_dens1.00,4,time_window_centered,-2.000000000000;-0.666666666667;0.666666666667;2.000000000000,4.000000,-0.500000,3.162277660168e-04,e1ff1ce1816dd5b981e064a0c7a03edf5f5448f262b150518672dc493c22651e
K04_tw_span4.0_shift-0.5_dens1.25,4,time_window_centered,-2.000000000000;-0.506557123768;0.506557123768;2.000000000000,4.000000,-0.500000,3.162277660168e-04,dae7e2b5dedd622e7c68ee2ec38bbc82529ea3ad998d567470d905318f071270
K04_tw_span4.0_shift+0.0_dens1.00,4,time_window_centered,-2.000000000000;-0.666666666667;0.666666666667;2.000000000000,4.000000,0.000000,3.162277660168e-04,b12ed6418e6dfaafd0617516efa548fc47dca53d6418e95c8cac83468c510eec
K04_tw_span4.0_shift+0.0_dens1.25,4,time_window_centered,-2.000000000000;-0.506557123768;0.506557123768;2.000000000000,4.000000,0.000000,3.162277660168e-04,f5308d340b2ddb2edf7d5264956176518a60be3ec9708d72aeacc9bc763fb811
K04_tw_span4.0_shift+0.5_dens1.00,4,time_window_centered,-2.000000000000;-0.666666666667;0.666666666667;2.000000000000,4.000000,0.500000,3.162277660168e-04,cd1aac2a80e65b38a71d49034144b5942aabff5191af1a7f62e909133718b3e0
K04_tw_span4.0_shift+0.5_dens1.25,4,time_window_centered,-2.000000000000;-0.506557123768;0.506557123768;2.000000000000,4.000000,0.500000,3.162277660168e-04,ec2b24e6bea8f215d44cb83deb9ca32a585f89ded960262615fb8c29186fe6bb
K04_tw_span6.0_shift-0.5_dens1.00,4,time_window_centered,-3.000000000000;-1.000000000000;1.000000000000;3.000000000000,6.000000,-0.500000,3.162277660168e-04,8ebadd21609969c3362251f477652383f9d6ce4315f2ba51d9aa9d4f250ccc69
K04_tw_span6.0_shift-0.5_dens1.25,4,time_window_centered,-3.000000000000;-0.759835685652;0.759835685652;3.000000000000,6.000000,-0.500000,3.162277660168e-04,de3c26813a8d04f0cbfa128bc095a6128b2ac08d35583799858a2217f1c8175a
K04_tw_span6.0_shift+0.0_dens1.00,4,time_window_centered,-3.000000000000;-1.000000000000;1.000000000000;3.000000000000,6.000000,0.000000,3.162277660168e-04,bc147385deb1ef3aeaaca7bfb21810449554dfc024b3128e53ffedc7ab80b983
K04_tw_span6.0_shift+0.0_dens1.25,4,time_window_centered,-3.000000000000;-0.759835685652;0.759835685652;3.000000000000,6.000000,0.000000,3.162277660168e-04,2d2c12446ae651411396d3fdb9428afa015943eab435884b6aae76233a716f4a
K04_tw_span6.0_shift+0.5_dens1.00,4,time_window_centered,-3.000000000000;-1.000000000000;1.000000000000;3.000000000000,6.000000,0.500000,3.162277660168e-04,e254a9496fa877aa1d449e3f3f7e54e5d092d619267a73bebd9f068cc5050952
K04_tw_span6.0_shift+0.5_dens1.25,4,time_window_centered,-3.000000000000;-0.759835685652;0.759835685652;3.000000000000,6.000000,0.500000,3.162277660168e-04,c36a88b27e077e6c15a29f2b0e29d324ec908f24f94689468206d8a40d6e99ed
K04_tw_span8.0_shift-0.5_dens1.00,4,time_window_centered,-4.000000000000;-1.333333333333;1.333333333333;4.000000000000,8.000000,-0.500000,3.162277660168e-04,236ac3bf05fed714ff4b1da53a786e527db524f46eef4f31ed2a50bf0dae4430
K04_tw_span8.0_shift-0.5_dens1.25,4,time_window_centered,-4.000000000000;-1.013114247535;1.013114247535;4.000000000000,8.000000,-0.500000,3.162277660168e-04,20d6e300e67a89b4a53f74544dc25ad4380c9977fb102715f2dc0b2f105d66ec
K04_tw_span8.0_shift+0.0_dens1.00,4,time_window_centered,-4.000000000000;-1.333333333333;1.333333333333;4.000000000000,8.000000,0.000000,3.162277660168e-04,632c8805fd3f33d074e4b5f92894919750dcb3751723a4932edeabfbd933266f
K04_tw_span8.0_shift+0.0_dens1.25,4,time_window_centered,-4.000000000000;-1.013114247535;1.013114247535;4.000000000000,8.000000,0.000000,3.162277660168e-04,b757f7eb6c16b8b8c86669b21dd298b58ddb4144fac3c8ea4c34876baa7af28b
K04_tw_span8.0_shift+0.5_dens1.00,4,time_window_centered,-4.000000000000;-1.333333333333;1.333333333333;4.000000000000,8.000000,0.500000,3.162277660168e-04,65fc8b0fccb7baae6c0e9d6b0fea3395f3fe9af4159c5116ec283ed94808ba93
K04_tw_span8.0_shift+0.5_dens1.25,4,time_window_centered,-4.000000000000;-1.013114247535;1.013114247535;4.000000000000,8.000000,0.500000,3.162277660168e-04,4127ec13ebe90f09bfb027325cce49085d80d91e08a1b22040dc15d61f5d49e9
K06_cc_span4.0_shift-0.5_dens1.00,6,cole_cole_tau_centered,-2.000000000000;-1.200000000000;-0.400000000000;0.400000000000;1.200000000000;2.000000000000,4.000000,-0.500000,3.162277660168e-03,eb1863094d6fdac19170705bc897d74bf4c123ee032e2bb8072c2f6e3c0c6791
K06_cc_span4.0_shift-0.5_dens1.25,6,cole_cole_tau_centered,-2.000000000000;-1.056134084152;-0.267496121991;0.267496121991;1.056134084152;2.000000000000,4.000000,-0.500000,3.162277660168e-03,5cf26663f10dd5e62d61fe44deabd8ac87d57ad36e2d2605f534b2bbab183b57
K06_cc_span4.0_shift+0.0_dens1.00,6,cole_cole_tau_centered,-2.000000000000;-1.200000000000;-0.400000000000;0.400000000000;1.200000000000;2.000000000000,4.000000,0.000000,3.162277660168e-03,6839ac9c78930ded4ab540c1a8445a8eed3161a42a76bba78b5adec8b3e9094d
K06_cc_span4.0_shift+0.0_dens1.25,6,cole_cole_tau_centered,-2.000000000000;-1.056134084152;-0.267496121991;0.267496121991;1.056134084152;2.000000000000,4.000000,0.000000,3.162277660168e-03,a7998786494615f7a4d1158745eee814c7ca424ada6eee36e05a7feec826b1b0
K06_cc_span4.0_shift+0.5_dens1.00,6,cole_cole_tau_centered,-2.000000000000;-1.200000000000;-0.400000000000;0.400000000000;1.200000000000;2.000000000000,4.000000,0.500000,3.162277660168e-03,c837bb2797c7e75ab2bf36d8749bf0e38c5ed7469cbd322d546616c5315a2d92
K06_cc_span4.0_shift+0.5_dens1.25,6,cole_cole_tau_centered,-2.000000000000;-1.056134084152;-0.267496121991;0.267496121991;1.056134084152;2.000000000000,4.000000,0.500000,3.162277660168e-03,91bc36b44a4acad049db692cf656036683fdbbde5fbd6b10ac57731ec84d4920
K06_cc_span6.0_shift-0.5_dens1.00,6,cole_cole_tau_centered,-3.000000000000;-1.800000000000;-0.600000000000;0.600000000000;1.800000000000;3.000000000000,6.000000,-0.500000,3.162277660168e-03,02b31a5a6efae426d8941fcd32afe168f60447b726cbfc472c4f9b9dbbc4a4f2
K06_cc_span6.0_shift-0.5_dens1.25,6,cole_cole_tau_centered,-3.000000000000;-1.584201126228;-0.401244182986;0.401244182986;1.584201126228;3.000000000000,6.000000,-0.500000,3.162277660168e-03,bad4fefac5ae625bdf3be76661e5dc43b23f00c2b26ce71f6af1c2e1d419b7be
K06_cc_span6.0_shift+0.0_dens1.00,6,cole_cole_tau_centered,-3.000000000000;-1.800000000000;-0.600000000000;0.600000000000;1.800000000000;3.000000000000,6.000000,0.000000,3.162277660168e-03,3a960e3736905661f51ec68c30d1fa7a3104f01e045fc57729430d877af2ed1b
K06_cc_span6.0_shift+0.0_dens1.25,6,cole_cole_tau_centered,-3.000000000000;-1.584201126228;-0.401244182986;0.401244182986;1.584201126228;3.000000000000,6.000000,0.000000,3.162277660168e-03,b1ace278bc9fd1e4370b7aab4720dd6e79b403cec0bd4f934de8533331e8106d
K06_cc_span6.0_shift+0.5_dens1.00,6,cole_cole_tau_centered,-3.000000000000;-1.800000000000;-0.600000000000;0.600000000000;1.800000000000;3.000000000000,6.000000,0.500000,3.162277660168e-03,9e3001d0b28a8eb389e8941adbb8d90fe45522cf1dec3dee35d5fd256f4532ab
K06_cc_span6.0_shift+0.5_dens1.25,6,cole_cole_tau_centered,-3.000000000000;-1.584201126228;-0.401244182986;0.401244182986;1.584201126228;3.000000000000,6.000000,0.500000,3.162277660168e-03,5c59d894945c47fa6dd522d408850ba3aff4db0d9bd782764f87d4e1fc68eea0
K06_cc_span8.0_shift-0.5_dens1.00,6,cole_cole_tau_centered,-4.000000000000;-2.400000000000;-0.800000000000;0.800000000000;2.400000000000;4.000000000000,8.000000,-0.500000,3.162277660168e-03,11a3e9dffa193927bc000a9722c87703febea003d38c9b5b0aa9e6237c5fe549
K06_cc_span8.0_shift-0.5_dens1.25,6,cole_cole_tau_centered,-4.000000000000;-2.112268168304;-0.534992243981;0.534992243981;2.112268168304;4.000000000000,8.000000,-0.500000,3.162277660168e-03,ac12132930633ba0677d2643b730012ed90e79bb5bb1fef34d927983cd412f3f
K06_cc_span8.0_shift+0.0_dens1.00,6,cole_cole_tau_centered,-4.000000000000;-2.400000000000;-0.800000000000;0.800000000000;2.400000000000;4.000000000000,8.000000,0.000000,3.162277660168e-03,e9af586fa9be94c1a2def89cf008342c764a29fdd97477ba87ce9e2c81d287ce
K06_cc_span8.0_shift+0.0_dens1.25,6,cole_cole_tau_centered,-4.000000000000;-2.112268168304;-0.534992243981;0.534992243981;2.112268168304;4.000000000000,8.000000,0.000000,3.162277660168e-03,5e1e076316fd6ca2312dc8022f6340b856301f4865c381c5f271d2258e47db64
K06_cc_span8.0_shift+0.5_dens1.00,6,cole_cole_tau_centered,-4.000000000000;-2.400000000000;-0.800000000000;0.800000000000;2.400000000000;4.000000000000,8.000000,0.500000,3.162277660168e-03,aaa7ad6b702998e19f2135db37be18d4873419e97464aeb607e579a6e2020bd8
K06_cc_span8.0_shift+0.5_dens1.25,6,cole_cole_tau_centered,-4.000000000000;-2.112268168304;-0.534992243981;0.534992243981;2.112268168304;4.000000000000,8.000000,0.500000,3.162277660168e-03,116cf5b4cea5a480e9681f2a76d869505042b639b929219c0042532adb7e8120
K06_tw_span4.0_shift-0.5_dens1.00,6,time_window_centered,-2.000000000000;-1.200000000000;-0.400000000000;0.400000000000;1.200000000000;2.000000000000,4.000000,-0.500000,3.162277660168e-04,46595c99775a73068bccfd8f487c49874eb2a8006d2215a1b10c3f4c8489a016
K06_tw_span4.0_shift-0.5_dens1.25,6,time_window_centered,-2.000000000000;-1.056134084152;-0.267496121991;0.267496121991;1.056134084152;2.000000000000,4.000000,-0.500000,3.162277660168e-04,31a6a64e6e69dc33bee5534a122a42cf1c20ad36acaddbf04c8375c501b99b01
K06_tw_span4.0_shift+0.0_dens1.00,6,time_window_centered,-2.000000000000;-1.200000000000;-0.400000000000;0.400000000000;1.200000000000;2.000000000000,4.000000,0.000000,3.162277660168e-04,2c54b4c41d225669e882a70c62b977f17163373c95505f03340036b281d1153d
K06_tw_span4.0_shift+0.0_dens1.25,6,time_window_centered,-2.000000000000;-1.056134084152;-0.267496121991;0.267496121991;1.056134084152;2.000000000000,4.000000,0.000000,3.162277660168e-04,b0098cd80a01aee1ba29589a411e56dfb2c2382b88c883d401652ffa68854588
K06_tw_span4.0_shift+0.5_dens1.00,6,time_window_centered,-2.000000000000;-1.200000000000;-0.400000000000;0.400000000000;1.200000000000;2.000000000000,4.000000,0.500000,3.162277660168e-04,d1d19cb20adb3a499b57df3fb634a11467a8260edd3b4eeba8fc0dc12abb24d6
K06_tw_span4.0_shift+0.5_dens1.25,6,time_window_centered,-2.000000000000;-1.056134084152;-0.267496121991;0.267496121991;1.056134084152;2.000000000000,4.000000,0.500000,3.162277660168e-04,fff4372099841f95665a1fff8c327f737b4a164478c630ca8f9ea74ab6486cf7
K06_tw_span6.0_shift-0.5_dens1.00,6,time_window_centered,-3.000000000000;-1.800000000000;-0.600000000000;0.600000000000;1.800000000000;3.000000000000,6.000000,-0.500000,3.162277660168e-04,121f5715fb096c9a7d0be121e202b025addb7c72e74a6f615d84227b3599bf7a
K06_tw_span6.0_shift-0.5_dens1.25,6,time_window_centered,-3.000000000000;-1.584201126228;-0.401244182986;0.401244182986;1.584201126228;3.000000000000,6.000000,-0.500000,3.162277660168e-04,7442737da0f01db503edafebe1adff2f9ac48ad0768b514f274ead0dc9886d97
K06_tw_span6.0_shift+0.0_dens1.00,6,time_window_centered,-3.000000000000;-1.800000000000;-0.600000000000;0.600000000000;1.800000000000;3.000000000000,6.000000,0.000000,3.162277660168e-04,8c1820906c88f3f0abab4238ef6ca81c7caf56e0e87a4ff4cfc2137f6b425d18
K06_tw_span6.0_shift+0.0_dens1.25,6,time_window_centered,-3.000000000000;-1.584201126228;-0.401244182986;0.401244182986;1.584201126228;3.000000000000,6.000000,0.000000,3.162277660168e-04,abf1fc5cd27497743b998b0e1369adf279daa55a5deb94e49b49a55ee3d061ad
K06_tw_span6.0_shift+0.5_dens1.00,6,time_window_centered,-3.000000000000;-1.800000000000;-0.600000000000;0.600000000000;1.800000000000;3.000000000000,6.000000,0.500000,3.162277660168e-04,1a1d44628c221ee479d194b5a00369982a399004e36943e116d8dfef0dfc538d
K06_tw_span6.0_shift+0.5_dens1.25,6,time_window_centered,-3.000000000000;-1.584201126228;-0.401244182986;0.401244182986;1.584201126228;3.000000000000,6.000000,0.500000,3.162277660168e-04,ec5e4a05fbf6fbebeccfcbb826ad25a5663670bf2b6918a777b57706dc86f028
K06_tw_span8.0_shift-0.5_dens1.00,6,time_window_centered,-4.000000000000;-2.400000000000;-0.800000000000;0.800000000000;2.400000000000;4.000000000000,8.000000,-0.500000,3.162277660168e-04,58362e219e82a75e20be20832ba1ce709efc40a0cb08144e141014c7634f0741
K06_tw_span8.0_shift-0.5_dens1.25,6,time_window_centered,-4.000000000000;-2.112268168304;-0.534992243981;0.534992243981;2.112268168304;4.000000000000,8.000000,-0.500000,3.162277660168e-04,578a6c758d717e4280dfa7ad860095f06ccd7bcab34b19be9a2b9df6b3cb0a62
K06_tw_span8.0_shift+0.0_dens1.00,6,time_window_centered,-4.000000000000;-2.400000000000;-0.800000000000;0.800000000000;2.400000000000;4.000000000000,8.000000,0.000000,3.162277660168e-04,578965207ae8bf92506a6a4420927ea76fa3cf57bb2adf6d81c08c90b777d63b
K06_tw_span8.0_shift+0.0_dens1.25,6,time_window_centered,-4.000000000000;-2.112268168304;-0.534992243981;0.534992243981;2.112268168304;4.000000000000,8.000000,0.000000,3.162277660168e-04,a508c73f3f815b3b30c7d6e7ae60d37acc825e2e3b47d3783ef76f1ef352f295
K06_tw_span8.0_shift+0.5_dens1.00,6,time_window_centered,-4.000000000000;-2.400000000000;-0.800000000000;0.800000000000;2.400000000000;4.000000000000,8.000000,0.500000,3.162277660168e-04,bb74edd84d45f26b1ed3e2ca2057082ea1fed8af0cf4239c68be57b5098439cf
K06_tw_span8.0_shift+0.5_dens1.25,6,time_window_centered,-4.000000000000;-2.112268168304;-0.534992243981;0.534992243981;2.112268168304;4.000000000000,8.000000,0.500000,3.162277660168e-04,aacabeed99e5ec5a11c343770ba48b527624204ed27125913877f5792a7e2c2b
K08_cc_span4.0_shift-0.5_dens1.00,8,cole_cole_tau_centered,-2.000000000000;-1.428571428571;-0.857142857143;-0.285714285714;0.285714285714;0.857142857143;1.428571428571;2.000000000000,4.000000,-0.500000,3.162277660168e-03,cdc4c94630d69315ebd0547b2068e51e83daced944eb81fde41ddc0c0e96d699
K08_cc_span4.0_shift-0.5_dens1.25,8,cole_cole_tau_centered,-2.000000000000;-1.313318164607;-0.693520038489;-0.175653757986;0.175653757986;0.693520038489;1.313318164607;2.000000000000,4.000000,-0.500000,3.162277660168e-03,e69e14bddde9252825029ba5d2a1d0c87766976574bccb335ccd995bbff769f9
K08_cc_span4.0_shift+0.0_dens1.00,8,cole_cole_tau_centered,-2.000000000000;-1.428571428571;-0.857142857143;-0.285714285714;0.285714285714;0.857142857143;1.428571428571;2.000000000000,4.000000,0.000000,3.162277660168e-03,317f1f9a347f37654ba9891d359dda3d0bcc25b0f2ae3e6f4bcc917a29b74f60
K08_cc_span4.0_shift+0.0_dens1.25,8,cole_cole_tau_centered,-2.000000000000;-1.313318164607;-0.693520038489;-0.175653757986;0.175653757986;0.693520038489;1.313318164607;2.000000000000,4.000000,0.000000,3.162277660168e-03,60a27cf550ff7ed514f0725fcee63e13bd314a18db00578d30439605bb5fa733
K08_cc_span4.0_shift+0.5_dens1.00,8,cole_cole_tau_centered,-2.000000000000;-1.428571428571;-0.857142857143;-0.285714285714;0.285714285714;0.857142857143;1.428571428571;2.000000000000,4.000000,0.500000,3.162277660168e-03,e593ec7ef2c9774d95ebd8fa70c35fde96acaf7abfcae17e2ac68db688d449fc
K08_cc_span4.0_shift+0.5_dens1.25,8,cole_cole_tau_centered,-2.000000000000;-1.313318164607;-0.693520038489;-0.175653757986;0.175653757986;0.693520038489;1.313318164607;2.000000000000,4.000000,0.500000,3.162277660168e-03,61dca0b7628b56f63e6a08510e1625f9a56127c0f1dfb6fa6a332977af9d3a21
K08_cc_span6.0_shift-0.5_dens1.00,8,cole_cole_tau_centered,-3.000000000000;-2.142857142857;-1.285714285714;-0.428571428571;0.428571428571;1.285714285714;2.142857142857;3.000000000000,6.000000,-0.500000,3.162277660168e-03,5bda443cdb75e870451aff50931713c14202f8238e5b127854a7cea25ad24204
K08_cc_span6.0_shift-0.5_dens1.25,8,cole_cole_tau_centered,-3.000000000000;-1.969977246911;-1.040280057733;-0.263480636979;0.263480636979;1.040280057733;1.969977246911;3.000000000000,6.000000,-0.500000,3.162277660168e-03,bb00fc64d772eb4f8418cd9c3886905974907ba3c94a56e8ac5a69a29a132adb
K08_cc_span6.0_shift+0.0_dens1.00,8,cole_cole_tau_centered,-3.000000000000;-2.142857142857;-1.285714285714;-0.428571428571;0.428571428571;1.285714285714;2.142857142857;3.000000000000,6.000000,0.000000,3.162277660168e-03,700747456218a75041d2dcb1fd6a94bda61433666cad00572a7c232e187845cc
K08_cc_span6.0_shift+0.0_dens1.25,8,cole_cole_tau_centered,-3.000000000000;-1.969977246911;-1.040280057733;-0.263480636979;0.263480636979;1.040280057733;1.969977246911;3.000000000000,6.000000,0.000000,3.162277660168e-03,7f3794c7a778480f0c7cf62248723030b6da4641f79a409882cb76b31858bbd2
K08_cc_span6.0_shift+0.5_dens1.00,8,cole_cole_tau_centered,-3.000000000000;-2.142857142857;-1.285714285714;-0.428571428571;0.428571428571;1.285714285714;2.142857142857;3.000000000000,6.000000,0.500000,3.162277660168e-03,5b48bb659f16dadfe59d8fe317cdf9c09e975d521bc0db7b156a04eab0968543
K08_cc_span6.0_shift+0.5_dens1.25,8,cole_cole_tau_centered,-3.000000000000;-1.969977246911;-1.040280057733;-0.263480636979;0.263480636979;1.040280057733;1.969977246911;3.000000000000,6.000000,0.500000,3.162277660168e-03,ab0d5281a8404782643c60f25ab2bd66153e33253717813e0bfff1da02a7fb9c
K08_cc_span8.0_shift-0.5_dens1.00,8,cole_cole_tau_centered,-4.000000000000;-2.857142857143;-1.714285714286;-0.571428571429;0.571428571429;1.714285714286;2.857142857143;4.000000000000,8.000000,-0.500000,3.162277660168e-03,851ada3e77687e76d47e6d27c12a93ad8da2ab12465a729ee419f1d2ea94fb96
K08_cc_span8.0_shift-0.5_dens1.25,8,cole_cole_tau_centered,-4.000000000000;-2.626636329214;-1.387040076978;-0.351307515972;0.351307515972;1.387040076978;2.626636329214;4.000000000000,8.000000,-0.500000,3.162277660168e-03,d524eaf60d95d5f755e1d652bd6fca3be6618dedf6177e947e938bfa2663bd7f
K08_cc_span8.0_shift+0.0_dens1.00,8,cole_cole_tau_centered,-4.000000000000;-2.857142857143;-1.714285714286;-0.571428571429;0.571428571429;1.714285714286;2.857142857143;4.000000000000,8.000000,0.000000,3.162277660168e-03,6c3c889e782afa9fcdf65f5d9f6c6e46f91fc1542e6f6f2f120b8588e41626ff
K08_cc_span8.0_shift+0.0_dens1.25,8,cole_cole_tau_centered,-4.000000000000;-2.626636329214;-1.387040076978;-0.351307515972;0.351307515972;1.387040076978;2.626636329214;4.000000000000,8.000000,0.000000,3.162277660168e-03,a0938ad65781c3f52abb434fc936a20ab6fed3cad5b8995526a5591340efc7a6
K08_cc_span8.0_shift+0.5_dens1.00,8,cole_cole_tau_centered,-4.000000000000;-2.857142857143;-1.714285714286;-0.571428571429;0.571428571429;1.714285714286;2.857142857143;4.000000000000,8.000000,0.500000,3.162277660168e-03,7f018c6bc0a067700ef7714236fe3f97839b596c79389c865387a811999c1560
K08_cc_span8.0_shift+0.5_dens1.25,8,cole_cole_tau_centered,-4.000000000000;-2.626636329214;-1.387040076978;-0.351307515972;0.351307515972;1.387040076978;2.626636329214;4.000000000000,8.000000,0.500000,3.162277660168e-03,bdbf2782cd86c1abf396349cbc548241bb058746cf977ca34075753509634f0d
K08_tw_span4.0_shift-0.5_dens1.00,8,time_window_centered,-2.000000000000;-1.428571428571;-0.857142857143;-0.285714285714;0.285714285714;0.857142857143;1.428571428571;2.000000000000,4.000000,-0.500000,3.162277660168e-04,e1933e8cb8f934c103ab4ed25afb94855bfe63d6965700d68a6d8b2785ea3fca
K08_tw_span4.0_shift-0.5_dens1.25,8,time_window_centered,-2.000000000000;-1.313318164607;-0.693520038489;-0.175653757986;0.175653757986;0.693520038489;1.313318164607;2.000000000000,4.000000,-0.500000,3.162277660168e-04,d5cad1aa5a4edb0f169773258a9a51ad68ff15bc70d9cd9fd4e37a386ef8607b
K08_tw_span4.0_shift+0.0_dens1.00,8,time_window_centered,-2.000000000000;-1.428571428571;-0.857142857143;-0.285714285714;0.285714285714;0.857142857143;1.428571428571;2.000000000000,4.000000,0.000000,3.162277660168e-04,357314f478ce01677804138c4bb4412c558719eb585a606ad755c6a6c6f1b283
K08_tw_span4.0_shift+0.0_dens1.25,8,time_window_centered,-2.000000000000;-1.313318164607;-0.693520038489;-0.175653757986;0.175653757986;0.693520038489;1.313318164607;2.000000000000,4.000000,0.000000,3.162277660168e-04,00fd64ba89a83cccbd9fc179116bdf63a2c2d79f7f5c46f2b61ea46f8bc29c4b
K08_tw_span4.0_shift+0.5_dens1.00,8,time_window_centered,-2.000000000000;-1.428571428571;-0.857142857143;-0.285714285714;0.285714285714;0.857142857143;1.428571428571;2.000000000000,4.000000,0.500000,3.162277660168e-04,d92b7fc38aad838445b1f071139ae5b6d5db93b7b099e68014e636ceb7a78169
K08_tw_span4.0_shift+0.5_dens1.25,8,time_window_centered,-2.000000000000;-1.313318164607;-0.693520038489;-0.175653757986;0.175653757986;0.693520038489;1.313318164607;2.000000000000,4.000000,0.500000,3.162277660168e-04,adc8db5d1b7e1135a0d99a6bc79ce327923e0a053952a26b6e6de11e76afaef6
K08_tw_span6.0_shift-0.5_dens1.00,8,time_window_centered,-3.000000000000;-2.142857142857;-1.285714285714;-0.428571428571;0.428571428571;1.285714285714;2.142857142857;3.000000000000,6.000000,-0.500000,3.162277660168e-04,682d18ece9ea1cb867736e45844dafa1f76c1d491aa2a766d78c980a5705e7ae
K08_tw_span6.0_shift-0.5_dens1.25,8,time_window_centered,-3.000000000000;-1.969977246911;-1.040280057733;-0.263480636979;0.263480636979;1.040280057733;1.969977246911;3.000000000000,6.000000,-0.500000,3.162277660168e-04,7cc608b7d4c1ccaa6624219c9e79337f92d9e63a2a26656a3ad27274e0f187eb
K08_tw_span6.0_shift+0.0_dens1.00,8,time_window_centered,-3.000000000000;-2.142857142857;-1.285714285714;-0.428571428571;0.428571428571;1.285714285714;2.142857142857;3.000000000000,6.000000,0.000000,3.162277660168e-04,9988a610663e8e0b8b1ae10b00bc6415b615199eaeb0ab42815af9cb22a71344
K08_tw_span6.0_shift+0.0_dens1.25,8,time_window_centered,-3.000000000000;-1.969977246911;-1.040280057733;-0.263480636979;0.263480636979;1.040280057733;1.969977246911;3.000000000000,6.000000,0.000000,3.162277660168e-04,ce0eb75b6b86e9d00b191bcafe49a4972314b85a29a722f77055de6a89a7f9ae
K08_tw_span6.0_shift+0.5_dens1.00,8,time_window_centered,-3.000000000000;-2.142857142857;-1.285714285714;-0.428571428571;0.428571428571;1.285714285714;2.142857142857;3.000000000000,6.000000,0.500000,3.162277660168e-04,7a58d2a050a92a21a4e69e3bf6f31dbc54247e3abaa8cdf9e5693fe4981b9b6d
K08_tw_span6.0_shift+0.5_dens1.25,8,time_window_centered,-3.000000000000;-1.969977246911;-1.040280057733;-0.263480636979;0.263480636979;1.040280057733;1.969977246911;3.000000000000,6.000000,0.500000,3.162277660168e-04,531e07ba7731c9957e8b0405ef5ef0f4f145a8fec6f87e77164917dc3a2398f3
K08_tw_span8.0_shift-0.5_dens1.00,8,time_window_centered,-4.000000000000;-2.857142857143;-1.714285714286;-0.571428571429;0.571428571429;1.714285714286;2.857142857143;4.000000000000,8.000000,-0.500000,3.162277660168e-04,61ac2aa238abf3cda66570ec741751b166db892696e0696226cbeb3ed6bda6f9
K08_tw_span8.0_shift-0.5_dens1.25,8,time_window_centered,-4.000000000000;-2.626636329214;-1.387040076978;-0.351307515972;0.351307515972;1.387040076978;2.626636329214;4.000000000000,8.000000,-0.500000,3.162277660168e-04,7baecd183cf603a61c29bde7a06bba7df144570dc7cc91e08a68ba21229c952c
K08_tw_span8.0_shift+0.0_dens1.00,8,time_window_centered,-4.000000000000;-2.857142857143;-1.714285714286;-0.571428571429;0.571428571429;1.714285714286;2.857142857143;4.000000000000,8.000000,0.000000,3.162277660168e-04,c383cd7839c5e89f88d8bc3f92626d1c196789d58152b7e47d1a9d75120f452f
K08_tw_span8.0_shift+0.0_dens1.25,8,time_window_centered,-4.000000000000;-2.626636329214;-1.387040076978;-0.351307515972;0.351307515972;1.387040076978;2.626636329214;4.000000000000,8.000000,0.000000,3.162277660168e-04,520ff30682c948aebb15e2562d51e575a6871b15cc96a4b5b088ff94cd8125ba
K08_tw_span8.0_shift+0.5_dens1.00,8,time_window_centered,-4.000000000000;-2.857142857143;-1.714285714286;-0.571428571429;0.571428571429;1.714285714286;2.857142857143;4.000000000000,8.000000,0.500000,3.162277660168e-04,7440559f8b8e9b3bbbb9b8eb0c6e1049fe993740e6818175ca3c0b080ddcfcc9
K08_tw_span8.0_shift+0.5_dens1.25,8,time_window_centered,-4.000000000000;-2.626636329214;-1.387040076978;-0.351307515972;0.351307515972;1.387040076978;2.626636329214;4.000000000000,8.000000,0.500000,3.162277660168e-04,27018b2fad74d53b8a421c9051db483652ace22e4ccfb2ba1478483265db991c
K10_cc_span4.0_shift-0.5_dens1.00,10,cole_cole_tau_centered,-2.000000000000;-1.555555555556;-1.111111111111;-0.666666666667;-0.222222222222;0.222222222222;0.666666666667;1.111111111111;1.555555555556;2.000000000000,4.000000,-0.500000,3.162277660168e-03,f8392d35040c3e6e897f1169bfddc80a80d408ff561182a9e0ed94921612fef7
K10_cc_span4.0_shift-0.5_dens1.25,10,cole_cole_tau_centered,-2.000000000000;-1.460829091173;-0.959266690412;-0.506557123768;-0.128300059820;0.128300059820;0.506557123768;0.959266690412;1.460829091173;2.000000000000,4.000000,-0.500000,3.162277660168e-03,0940690c6db7c85ad8e8a7e34dfcb2712a8151b53bd455adaf5e91a00acc1bc5
K10_cc_span4.0_shift+0.0_dens1.00,10,cole_cole_tau_centered,-2.000000000000;-1.555555555556;-1.111111111111;-0.666666666667;-0.222222222222;0.222222222222;0.666666666667;1.111111111111;1.555555555556;2.000000000000,4.000000,0.000000,3.162277660168e-03,b40599e92d10d7c3141b7524ba0de8353389fda55e792fb714842eadf28c567d
K10_cc_span4.0_shift+0.0_dens1.25,10,cole_cole_tau_centered,-2.000000000000;-1.460829091173;-0.959266690412;-0.506557123768;-0.128300059820;0.128300059820;0.506557123768;0.959266690412;1.460829091173;2.000000000000,4.000000,0.000000,3.162277660168e-03,c4d3f5c9f7660fde0423c2ef8a8de8970e57e8b69762dd677f8f4d831487d8f1
K10_cc_span4.0_shift+0.5_dens1.00,10,cole_cole_tau_centered,-2.000000000000;-1.555555555556;-1.111111111111;-0.666666666667;-0.222222222222;0.222222222222;0.666666666667;1.111111111111;1.555555555556;2.000000000000,4.000000,0.500000,3.162277660168e-03,975143ca9c7320e93fbfd2060335a0f485208e8da0e71aa83a1e09758fbf5f45
K10_cc_span4.0_shift+0.5_dens1.25,10,cole_cole_tau_centered,-2.000000000000;-1.460829091173;-0.959266690412;-0.506557123768;-0.128300059820;0.128300059820;0.506557123768;0.959266690412;1.460829091173;2.000000000000,4.000000,0.500000,3.162277660168e-03,ac34064676d05bd319813139a63a76d7f2938674990f766cbe6fb8d49c41f91f
K10_cc_span6.0_shift-0.5_dens1.00,10,cole_cole_tau_centered,-3.000000000000;-2.333333333333;-1.666666666667;-1.000000000000;-0.333333333333;0.333333333333;1.000000000000;1.666666666667;2.333333333333;3.000000000000,6.000000,-0.500000,3.162277660168e-03,3e0d1793cc2f6fbce957a8b60e264d2c7c7eeaa27d9d6db420dac08966f44a4d
K10_cc_span6.0_shift-0.5_dens1.25,10,cole_cole_tau_centered,-3.000000000000;-2.191243636759;-1.438900035617;-0.759835685652;-0.192450089730;0.192450089730;0.759835685652;1.438900035617;2.191243636759;3.000000000000,6.000000,-0.500000,3.162277660168e-03,a8a7498160fd9b8b833c28e277f7dd20c34caa6b260a3d9b757d61bd113c357e
K10_cc_span6.0_shift+0.0_dens1.00,10,cole_cole_tau_centered,-3.000000000000;-2.333333333333;-1.666666666667;-1.000000000000;-0.333333333333;0.333333333333;1.000000000000;1.666666666667;2.333333333333;3.000000000000,6.000000,0.000000,3.162277660168e-03,6804a16cc5094e2be83d17f4c55e6f3d829e9b2fbf3bc0a64e3227730b35d1e2
K10_cc_span6.0_shift+0.0_dens1.25,10,cole_cole_tau_centered,-3.000000000000;-2.191243636759;-1.438900035617;-0.759835685652;-0.192450089730;0.192450089730;0.759835685652;1.438900035617;2.191243636759;3.000000000000,6.000000,0.000000,3.162277660168e-03,75eb4b92e18f4bca868d089255d442fc2c5f7fca669a051d0a642b41f8bf57e3
K10_cc_span6.0_shift+0.5_dens1.00,10,cole_cole_tau_centered,-3.000000000000;-2.333333333333;-1.666666666667;-1.000000000000;-0.333333333333;0.333333333333;1.000000000000;1.666666666667;2.333333333333;3.000000000000,6.000000,0.500000,3.162277660168e-03,ecd70445d9aab88c7188078037c5e45b9747fa26f032b0f888775cb824b0c6b2
K10_cc_span6.0_shift+0.5_dens1.25,10,cole_cole_tau_centered,-3.000000000000;-2.191243636759;-1.438900035617;-0.759835685652;-0.192450089730;0.192450089730;0.759835685652;1.438900035617;2.191243636759;3.000000000000,6.000000,0.500000,3.162277660168e-03,83ee2975604872325a92ee2b7645f9719837c15e615a19f56d145922e26e4fa4
K10_cc_span8.0_shift-0.5_dens1.00,10,cole_cole_tau_centered,-4.000000000000;-3.111111111111;-2.222222222222;-1.333333333333;-0.444444444444;0.444444444444;1.333333333333;2.222222222222;3.111111111111;4.000000000000,8.000000,-0.500000,3.162277660168e-03,19636e1ab293b733f857a018be087df705291e180756dbac97f47b80eba3ebac
K10_cc_span8.0_shift-0.5_dens1.25,10,cole_cole_tau_centered,-4.000000000000;-2.921658182345;-1.918533380823;-1.013114247535;-0.256600119640;0.256600119640;1.013114247535;1.918533380823;2.921658182345;4.000000000000,8.000000,-0.500000,3.162277660168e-03,8e2e7a6a01fc64433013fd20eda68860d72b939b75b9f915d9d7de7c1ee9de24
K10_cc_span8.0_shift+0.0_dens1.00,10,cole_cole_tau_centered,-4.000000000000;-3.111111111111;-2.222222222222;-1.333333333333;-0.444444444444;0.444444444444;1.333333333333;2.222222222222;3.111111111111;4.000000000000,8.000000,0.000000,3.162277660168e-03,70fdd45fe04b2964db3738bd0fa61148171a9594fddb202f07d40d9364704642
K10_cc_span8.0_shift+0.0_dens1.25,10,cole_cole_tau_centered,-4.000000000000;-2.921658182345;-1.918533380823;-1.013114247535;-0.256600119640;0.256600119640;1.013114247535;1.918533380823;2.921658182345;4.000000000000,8.000000,0.000000,3.162277660168e-03,4f2504b135b3e8b223d99445222d79b86baa765d902e1048020f0c3489513373
K10_cc_span8.0_shift+0.5_dens1.00,10,cole_cole_tau_centered,-4.000000000000;-3.111111111111;-2.222222222222;-1.333333333333;-0.444444444444;0.444444444444;1.333333333333;2.222222222222;3.111111111111;4.000000000000,8.000000,0.500000,3.162277660168e-03,70901caccf6c1e486cbd61f0687bd17c29dc3188d18a02f21cf660087a063b44
K10_cc_span8.0_shift+0.5_dens1.25,10,cole_cole_tau_centered,-4.000000000000;-2.921658182345;-1.918533380823;-1.013114247535;-0.256600119640;0.256600119640;1.013114247535;1.918533380823;2.921658182345;4.000000000000,8.000000,0.500000,3.162277660168e-03,7d9956fc7ce083b642adeb3475ec28155f6b678d2a4aca0543b5210b97f03ac2
K10_tw_span4.0_shift-0.5_dens1.00,10,time_window_centered,-2.000000000000;-1.555555555556;-1.111111111111;-0.666666666667;-0.222222222222;0.222222222222;0.666666666667;1.111111111111;1.555555555556;2.000000000000,4.000000,-0.500000,3.162277660168e-04,e973a199c3662f51aada8f3979e5c2668c891589fc5215f024d1bf385e07da01
K10_tw_span4.0_shift-0.5_dens1.25,10,time_window_centered,-2.000000000000;-1.460829091173;-0.959266690412;-0.506557123768;-0.128300059820;0.128300059820;0.506557123768;0.959266690412;1.460829091173;2.000000000000,4.000000,-0.500000,3.162277660168e-04,d5828023f7919ae611e2838f48804e445799f9cb6898bca5ee647c816051df6c
K10_tw_span4.0_shift+0.0_dens1.00,10,time_window_centered,-2.000000000000;-1.555555555556;-1.111111111111;-0.666666666667;-0.222222222222;0.222222222222;0.666666666667;1.111111111111;1.555555555556;2.000000000000,4.000000,0.000000,3.162277660168e-04,a4d526f91d7d78c2ae91f3b6f6dc36e6f355c6da94589bb4dbc3fb37fb5d05c3
K10_tw_span4.0_shift+0.0_dens1.25,10,time_window_centered,-2.000000000000;-1.460829091173;-0.959266690412;-0.506557123768;-0.128300059820;0.128300059820;0.506557123768;0.959266690412;1.460829091173;2.000000000000,4.000000,0.000000,3.162277660168e-04,ef0456559c89d9a83f7262c726694c34c35f549471834d3f8cc8d46f72cd7b92
K10_tw_span4.0_shift+0.5_dens1.00,10,time_window_centered,-2.000000000000;-1.555555555556;-1.111111111111;-0.666666666667;-0.222222222222;0.222222222222;0.666666666667;1.111111111111;1.555555555556;2.000000000000,4.000000,0.500000,3.162277660168e-04,bf70497d14a7f6279ffeb8003b759d4deb46fcb3a8c870d64fd3fb0579ce83e1
K10_tw_span4.0_shift+0.5_dens1.25,10,time_window_centered,-2.000000000000;-1.460829091173;-0.959266690412;-0.506557123768;-0.128300059820;0.128300059820;0.506557123768;0.959266690412;1.460829091173;2.000000000000,4.000000,0.500000,3.162277660168e-04,dc01f97b2fe77fe2818c75bea0fc4e369fe48d4a87562c100f6b230a92d0ce4b
K10_tw_span6.0_shift-0.5_dens1.00,10,time_window_centered,-3.000000000000;-2.333333333333;-1.666666666667;-1.000000000000;-0.333333333333;0.333333333333;1.000000000000;1.666666666667;2.333333333333;3.000000000000,6.000000,-0.500000,3.162277660168e-04,6be9ff398f4f0449a060a001d17cfec28c02a112db54514516965829fc196c9a
K10_tw_span6.0_shift-0.5_dens1.25,10,time_window_centered,-3.000000000000;-2.191243636759;-1.438900035617;-0.759835685652;-0.192450089730;0.192450089730;0.759835685652;1.438900035617;2.191243636759;3.000000000000,6.000000,-0.500000,3.162277660168e-04,be8a0dd16da03a588bfa6561b75ebd5f3466bef30d266b7d3635dedd023115fa
K10_tw_span6.0_shift+0.0_dens1.00,10,time_window_centered,-3.000000000000;-2.333333333333;-1.666666666667;-1.000000000000;-0.333333333333;0.333333333333;1.000000000000;1.666666666667;2.333333333333;3.000000000000,6.000000,0.000000,3.162277660168e-04,ab4852dc954e9f75650dd1ffaa55971ebe44e566190a235d7e525f6695da7258
K10_tw_span6.0_shift+0.0_dens1.25,10,time_window_centered,-3.000000000000;-2.191243636759;-1.438900035617;-0.759835685652;-0.192450089730;0.192450089730;0.759835685652;1.438900035617;2.191243636759;3.000000000000,6.000000,0.000000,3.162277660168e-04,b321c80be78c69401880a33acd0729107b599b69900439929a36a056446b858c
K10_tw_span6.0_shift+0.5_dens1.00,10,time_window_centered,-3.000000000000;-2.333333333333;-1.666666666667;-1.000000000000;-0.333333333333;0.333333333333;1.000000000000;1.666666666667;2.333333333333;3.000000000000,6.000000,0.500000,3.162277660168e-04,8e007744d4f1ce81951256e0048d208b0aa4edb5a552c944f42548c4addd6263
K10_tw_span6.0_shift+0.5_dens1.25,10,time_window_centered,-3.000000000000;-2.191243636759;-1.438900035617;-0.759835685652;-0.192450089730;0.192450089730;0.759835685652;1.438900035617;2.191243636759;3.000000000000,6.000000,0.500000,3.162277660168e-04,d98d644409665aacbafa6d7ec405029a2aed0701110339259afb576c0d92dc36
K10_tw_span8.0_shift-0.5_dens1.00,10,time_window_centered,-4.000000000000;-3.111111111111;-2.222222222222;-1.333333333333;-0.444444444444;0.444444444444;1.333333333333;2.222222222222;3.111111111111;4.000000000000,8.000000,-0.500000,3.162277660168e-04,d67c93ebe5c14cddcd816f27022448772ead02d0a9fb26752751ccae28829b50
K10_tw_span8.0_shift-0.5_dens1.25,10,time_window_centered,-4.000000000000;-2.921658182345;-1.918533380823;-1.013114247535;-0.256600119640;0.256600119640;1.013114247535;1.918533380823;2.921658182345;4.000000000000,8.000000,-0.500000,3.162277660168e-04,03554ebd01319e2bfb0f0eff43c20e346f3ee9dd28f8f675a67118d59616d8cf
K10_tw_span8.0_shift+0.0_dens1.00,10,time_window_centered,-4.000000000000;-3.111111111111;-2.222222222222;-1.333333333333;-0.444444444444;0.444444444444;1.333333333333;2.222222222222;3.111111111111;4.000000000000,8.000000,0.000000,3.162277660168e-04,fcae85e4eeab6304e73d0b09b561abbaa2c73656473c8125ef0d0c2b9f11ab25
K10_tw_span8.0_shift+0.0_dens1.25,10,time_window_centered,-4.000000000000;-2.921658182345;-1.918533380823;-1.013114247535;-0.256600119640;0.256600119640;1.013114247535;1.918533380823;2.921658182345;4.000000000000,8.000000,0.000000,3.162277660168e-04,dbb35997246bf87d09aacca0c8c930f4aa81e5537f770ef63bf14eb9880d811d
K10_tw_span8.0_shift+0.5_dens1.00,10,time_window_centered,-4.000000000000;-3.111111111111;-2.222222222222;-1.333333333333;-0.444444444444;0.444444444444;1.333333333333;2.222222222222;3.111111111111;4.000000000000,8.000000,0.500000,3.162277660168e-04,1e376ae91edcc680fd63bbdc8ea001d3a3061f965f5ceeb33027c576891bf5e7
K10_tw_span8.0_shift+0.5_dens1.25,10,time_window_centered,-4.000000000000;-2.921658182345;-1.918533380823;-1.013114247535;-0.256600119640;0.256600119640;1.013114247535;1.918533380823;2.921658182345;4.000000000000,8.000000,0.500000,3.162277660168e-04,96a859d3786b0243ff81cfdc38e078867ac0ef5a707e0f6e5bc9f9047ea721bd
K12_cc_span4.0_shift-0.5_dens1.00,12,cole_cole_tau_centered,-2.000000000000;-1.636363636364;-1.272727272727;-0.909090909091;-0.545454545455;-0.181818181818;0.181818181818;0.545454545455;0.909090909091;1.272727272727;1.636363636364;2.000000000000,4.000000,-0.500000,3.162277660168e-03,7e7e75ba20e949c4ab5c0a961eb7c1437e3215faa88428fdc33cb125bb039fd1
K12_cc_span4.0_shift-0.5_dens1.25,12,cole_cole_tau_centered,-2.000000000000;-1.556296268002;-1.136741431391;-0.746451585153;-0.394176480625;-0.099836452141;0.099836452141;0.394176480625;0.746451585153;1.136741431391;1.556296268002;2.000000000000,4.000000,-0.500000,3.162277660168e-03,530d63fa04e746b692ebdf442d818a8d125a20487282c5968cee116b81edcd9a
K12_cc_span4.0_shift+0.0_dens1.00,12,cole_cole_tau_centered,-2.000000000000;-1.636363636364;-1.272727272727;-0.909090909091;-0.545454545455;-0.181818181818;0.181818181818;0.545454545455;0.909090909091;1.272727272727;1.636363636364;2.000000000000,4.000000,0.000000,3.162277660168e-03,6ec072803bfe7e2a240b10508406e13a38186910e0639e696dd015ba1f71fde5
K12_cc_span4.0_shift+0.0_dens1.25,12,cole_cole_tau_centered,-2.000000000000;-1.556296268002;-1.136741431391;-0.746451585153;-0.394176480625;-0.099836452141;0.099836452141;0.394176480625;0.746451585153;1.136741431391;1.556296268002;2.000000000000,4.000000,0.000000,3.162277660168e-03,24832dd911b386856b4dd7b447ce0af5745f29870a217b355f8f271eef90c668
K12_cc_span4.0_shift+0.5_dens1.00,12,cole_cole_tau_centered,-2.000000000000;-1.636363636364;-1.272727272727;-0.909090909091;-0.545454545455;-0.181818181818;0.181818181818;0.545454545455;0.909090909091;1.272727272727;1.636363636364;2.000000000000,4.000000,0.500000,3.162277660168e-03,bfdd2da51059ef6e32791c919c362d3de823d1cc45a3b3d7595a64a5650573f3
K12_cc_span4.0_shift+0.5_dens1.25,12,cole_cole_tau_centered,-2.000000000000;-1.556296268002;-1.136741431391;-0.746451585153;-0.394176480625;-0.099836452141;0.099836452141;0.394176480625;0.746451585153;1.136741431391;1.556296268002;2.000000000000,4.000000,0.500000,3.162277660168e-03,8c7f3c663f9b7a28408d41d05124c4266a591bef8257222e8fe9ea6835dc9e57
K12_cc_span6.0_shift-0.5_dens1.00,12,cole_cole_tau_centered,-3.000000000000;-2.454545454545;-1.909090909091;-1.363636363636;-0.818181818182;-0.272727272727;0.272727272727;0.818181818182;1.363636363636;1.909090909091;2.454545454545;3.000000000000,6.000000,-0.500000,3.162277660168e-03,13e3f683582185ad3a5c6fab58bb037b67823eaa2d4345e21e538fe4ff41874e
K12_cc_span6.0_shift-0.5_dens1.25,12,cole_cole_tau_centered,-3.000000000000;-2.334444402004;-1.705112147086;-1.119677377730;-0.591264720937;-0.149754678212;0.149754678212;0.591264720937;1.119677377730;1.705112147086;2.334444402004;3.000000000000,6.000000,-0.500000,3.162277660168e-03,2469d19088bd62bd423d2f62ebcd3d9b372de81f1e36ec1003ae1f99ad86e127
K12_cc_span6.0_shift+0.0_dens1.00,12,cole_cole_tau_centered,-3.000000000000;-2.454545454545;-1.909090909091;-1.363636363636;-0.818181818182;-0.272727272727;0.272727272727;0.818181818182;1.363636363636;1.909090909091;2.454545454545;3.000000000000,6.000000,0.000000,3.162277660168e-03,32bb0798c48f270b2724b3d6762f8fe9216b9b06c224e83c997c4fadca880134
K12_cc_span6.0_shift+0.0_dens1.25,12,cole_cole_tau_centered,-3.000000000000;-2.334444402004;-1.705112147086;-1.119677377730;-0.591264720937;-0.149754678212;0.149754678212;0.591264720937;1.119677377730;1.705112147086;2.334444402004;3.000000000000,6.000000,0.000000,3.162277660168e-03,8a9c94afd15727582f9fb823fb9b644e29e9b48be7aa63505c81bed5c792beba
K12_cc_span6.0_shift+0.5_dens1.00,12,cole_cole_tau_centered,-3.000000000000;-2.454545454545;-1.909090909091;-1.363636363636;-0.818181818182;-0.272727272727;0.272727272727;0.818181818182;1.363636363636;1.909090909091;2.454545454545;3.000000000000,6.000000,0.500000,3.162277660168e-03,96ac6d04a136fb166b0cff32e14fad323ad4d06bd666fb1dc8ab9f122b121435
K12_cc_span6.0_shift+0.5_dens1.25,12,cole_cole_tau_centered,-3.000000000000;-2.334444402004;-1.705112147086;-1.119677377730;-0.591264720937;-0.149754678212;0.149754678212;0.591264720937;1.119677377730;1.705112147086;2.334444402004;3.000000000000,6.000000,0.500000,3.162277660168e-03,dc073dd57a41a40213c1b529c959b0491c612614474eb0f8aea488ad586c8482
K12_cc_span8.0_shift-0.5_dens1.00,12,cole_cole_tau_centered,-4.000000000000;-3.272727272727;-2.545454545455;-1.818181818182;-1.090909090909;-0.363636363636;0.363636363636;1.090909090909;1.818181818182;2.545454545455;3.272727272727;4.000000000000,8.000000,-0.500000,3.162277660168e-03,43f963b65bf33942388a1e7ffcb48d0795237a187516378f00af19663897b08b
K12_cc_span8.0_shift-0.5_dens1.25,12,cole_cole_tau_centered,-4.000000000000;-3.112592536005;-2.273482862781;-1.492903170307;-0.788352961250;-0.199672904282;0.199672904282;0.788352961250;1.492903170307;2.273482862781;3.112592536005;4.000000000000,8.000000,-0.500000,3.162277660168e-03,d84be27efab98aa3e45f5b83c8f6610e06b660ddc377c702066642aa99769568
K12_cc_span8.0_shift+0.0_dens1.00,12,cole_cole_tau_centered,-4.000000000000;-3.272727272727;-2.545454545455;-1.818181818182;-1.090909090909;-0.363636363636;0.363636363636;1.090909090909;1.818181818182;2.545454545455;3.272727272727;4.000000000000,8.000000,0.000000,3.162277660168e-03,55cb00d9e0a313d394922c6eed9cc60e54c143f1982b3ba26cb52d0a4a6c2ea7
K12_cc_span8.0_shift+0.0_dens1.25,12,cole_cole_tau_centered,-4.000000000000;-3.112592536005;-2.273482862781;-1.492903170307;-0.788352961250;-0.199672904282;0.199672904282;0.788352961250;1.492903170307;2.273482862781;3.112592536005;4.000000000000,8.000000,0.000000,3.162277660168e-03,b7ad40706682d4a81ce27d250d4567c73a5d3f507d4546bb668d48df1815ebbb
K12_cc_span8.0_shift+0.5_dens1.00,12,cole_cole_tau_centered,-4.000000000000;-3.272727272727;-2.545454545455;-1.818181818182;-1.090909090909;-0.363636363636;0.363636363636;1.090909090909;1.818181818182;2.545454545455;3.272727272727;4.000000000000,8.000000,0.500000,3.162277660168e-03,129a706bcd76a7eee4f046c58783bba11af595fe044029788594c90fbcd26e8b
K12_cc_span8.0_shift+0.5_dens1.25,12,cole_cole_tau_centered,-4.000000000000;-3.112592536005;-2.273482862781;-1.492903170307;-0.788352961250;-0.199672904282;0.199672904282;0.788352961250;1.492903170307;2.273482862781;3.112592536005;4.000000000000,8.000000,0.500000,3.162277660168e-03,5e9680937f297f3773218c54af7f2475b18c901a608f891e8da47d9fc78188c1
K12_tw_span4.0_shift-0.5_dens1.00,12,time_window_centered,-2.000000000000;-1.636363636364;-1.272727272727;-0.909090909091;-0.545454545455;-0.181818181818;0.181818181818;0.545454545455;0.909090909091;1.272727272727;1.636363636364;2.000000000000,4.000000,-0.500000,3.162277660168e-04,e33ee64479b242444c8547ac19381eba9bb487fafc3033a18e142518c4b345dd
K12_tw_span4.0_shift-0.5_dens1.25,12,time_window_centered,-2.000000000000;-1.556296268002;-1.136741431391;-0.746451585153;-0.394176480625;-0.099836452141;0.099836452141;0.394176480625;0.746451585153;1.136741431391;1.556296268002;2.000000000000,4.000000,-0.500000,3.162277660168e-04,554fb6d30f4d6c2f83cd1ba170938973eccf1d57ace51c638b109edb03056f96
K12_tw_span4.0_shift+0.0_dens1.00,12,time_window_centered,-2.000000000000;-1.636363636364;-1.272727272727;-0.909090909091;-0.545454545455;-0.181818181818;0.181818181818;0.545454545455;0.909090909091;1.272727272727;1.636363636364;2.000000000000,4.000000,0.000000,3.162277660168e-04,6a495d26e5deaf851a54c238bf99260dcbfaf7b453657b6daa5f573188cbff5c
K12_tw_span4.0_shift+0.0_dens1.25,12,time_window_centered,-2.000000000000;-1.556296268002;-1.136741431391;-0.746451585153;-0.394176480625;-0.099836452141;0.099836452141;0.394176480625;0.746451585153;1.136741431391;1.556296268002;2.000000000000,4.000000,0.000000,3.162277660168e-04,b146e738d1ef05ec54cdef1d9d21b34d6bf5c86952ee1d1867d7ff5b4b4390b0
K12_tw_span4.0_shift+0.5_dens1.00,12,time_window_centered,-2.000000000000;-1.636363636364;-1.272727272727;-0.909090909091;-0.545454545455;-0.181818181818;0.181818181818;0.545454545455;0.909090909091;1.272727272727;1.636363636364;2.000000000000,4.000000,0.500000,3.162277660168e-04,f57f3e568a2f4b8d443bdad3c8b22c696798d6e4a9766d2f8013847f04d015de
K12_tw_span4.0_shift+0.5_dens1.25,12,time_window_centered,-2.000000000000;-1.556296268002;-1.136741431391;-0.746451585153;-0.394176480625;-0.099836452141;0.099836452141;0.394176480625;0.746451585153;1.136741431391;1.556296268002;2.000000000000,4.000000,0.500000,3.162277660168e-04,8802e78fc27d12743474b8b069b9ed0d25e76ab183648083ec39b3a9ab67c17a
K12_tw_span6.0_shift-0.5_dens1.00,12,time_window_centered,-3.000000000000;-2.454545454545;-1.909090909091;-1.363636363636;-0.818181818182;-0.272727272727;0.272727272727;0.818181818182;1.363636363636;1.909090909091;2.454545454545;3.000000000000,6.000000,-0.500000,3.162277660168e-04,44548a0eec1f4add5593c2bed7226f9d9e9cad31b093f092276110bfa6b98089
K12_tw_span6.0_shift-0.5_dens1.25,12,time_window_centered,-3.000000000000;-2.334444402004;-1.705112147086;-1.119677377730;-0.591264720937;-0.149754678212;0.149754678212;0.591264720937;1.119677377730;1.705112147086;2.334444402004;3.000000000000,6.000000,-0.500000,3.162277660168e-04,0db5d54bae335320722183577286884e7ff760c8ee849f30ff65b2618d817eb4
K12_tw_span6.0_shift+0.0_dens1.00,12,time_window_centered,-3.000000000000;-2.454545454545;-1.909090909091;-1.363636363636;-0.818181818182;-0.272727272727;0.272727272727;0.818181818182;1.363636363636;1.909090909091;2.454545454545;3.000000000000,6.000000,0.000000,3.162277660168e-04,278f6205f49c4b2dc35acf328c12ef4b5d7cdd86614d957a478e2223cab10ef3
K12_tw_span6.0_shift+0.0_dens1.25,12,time_window_centered,-3.000000000000;-2.334444402004;-1.705112147086;-1.119677377730;-0.591264720937;-0.149754678212;0.149754678212;0.591264720937;1.119677377730;1.705112147086;2.334444402004;3.000000000000,6.000000,0.000000,3.162277660168e-04,30d0aef4e81202341e5d943476c98a9eaacc6c2c47e8de6a16665e8e593cfac2
K12_tw_span6.0_shift+0.5_dens1.00,12,time_window_centered,-3.000000000000;-2.454545454545;-1.909090909091;-1.363636363636;-0.818181818182;-0.272727272727;0.272727272727;0.818181818182;1.363636363636;1.909090909091;2.454545454545;3.000000000000,6.000000,0.500000,3.162277660168e-04,7c63aa10ec75b25893dccab38a85a3902c356a854611a28d11018afa06a2eb0d
K12_tw_span6.0_shift+0.5_dens1.25,12,time_window_centered,-3.000000000000;-2.334444402004;-1.705112147086;-1.119677377730;-0.591264720937;-0.149754678212;0.149754678212;0.591264720937;1.119677377730;1.705112147086;2.334444402004;3.000000000000,6.000000,0.500000,3.162277660168e-04,2279ac638ca23c8eaa4d8dcad787fae140b9c91a097576308675f9a72f0f49ab
K12_tw_span8.0_shift-0.5_dens1.00,12,time_window_centered,-4.000000000000;-3.272727272727;-2.545454545455;-1.818181818182;-1.090909090909;-0.363636363636;0.363636363636;1.090909090909;1.818181818182;2.545454545455;3.272727272727;4.000000000000,8.000000,-0.500000,3.162277660168e-04,c873bd9747f2a31292db511c098c65aca9ff7a6d57c9d8b4cd2fb4b4d7ac3af2
K12_tw_span8.0_shift-0.5_dens1.25,12,time_window_centered,-4.000000000000;-3.112592536005;-2.273482862781;-1.492903170307;-0.788352961250;-0.199672904282;0.199672904282;0.788352961250;1.492903170307;2.273482862781;3.112592536005;4.000000000000,8.000000,-0.500000,3.162277660168e-04,baff167316890f22a5e4a1703957ab16f90514ef33ac92106a4a137c2b8d6bab
K12_tw_span8.0_shift+0.0_dens1.00,12,time_window_centered,-4.000000000000;-3.272727272727;-2.545454545455;-1.818181818182;-1.090909090909;-0.363636363636;0.363636363636;1.090909090909;1.818181818182;2.545454545455;3.272727272727;4.000000000000,8.000000,0.000000,3.162277660168e-04,d46cfc3a65a42758b250d3aece6d64092db944905f31c4549510427468ab7df9
K12_tw_span8.0_shift+0.0_dens1.25,12,time_window_centered,-4.000000000000;-3.112592536005;-2.273482862781;-1.492903170307;-0.788352961250;-0.199672904282;0.199672904282;0.788352961250;1.492903170307;2.273482862781;3.112592536005;4.000000000000,8.000000,0.000000,3.162277660168e-04,82508cd51cbfb68f9a65b131417a8420b93a5789d12d32fb7ff05517b12ce69a
K12_tw_span8.0_shift+0.5_dens1.00,12,time_window_centered,-4.000000000000;-3.272727272727;-2.545454545455;-1.818181818182;-1.090909090909;-0.363636363636;0.363636363636;1.090909090909;1.818181818182;2.545454545455;3.272727272727;4.000000000000,8.000000,0.500000,3.162277660168e-04,3db54453b18ce31a4664f88a75a5b580526df6746e343674db8a20c2a5ce8532
K12_tw_span8.0_shift+0.5_dens1.25,12,time_window_centered,-4.000000000000;-3.112592536005;-2.273482862781;-1.492903170307;-0.788352961250;-0.199672904282;0.199672904282;0.788352961250;1.492903170307;2.273482862781;3.112592536005;4.000000000000,8.000000,0.500000,3.162277660168e-04,e8a1ff0206592aea59e4414ad9f8d089dea4db829e3cac7503cefe18122511f7
